bus_width,al,pc,scr,is_depth,os_depth,freq,operation,dim1,dim2,dim3,data_stream,Lin,Linp,Lwt,Lwtp,Cmpfis_aor,Cmpfis_tos,Cmpfis_aos,Cmpfis_ptos,Cmpfis_paos,Cmpfgt_aor,Cmpfgt_tos,Cmpfgt_aos,Cmpfgt_ptos,Cmpfgt_paos,Cmpfgtp,Lpenalty,Nop,Nop_w_rd,IS_reward,L2_reward,Fussion
256,128,16,16,1024,2048,500,mvm,64,768,768,ispp,4608,13824,7680,0,0,3072,12288,0,3072,0,0,0,0,0,0,0,40,15360,13824,0,0
256,128,16,16,1024,2048,500,mvm,64,768,768,isap,4608,13824,7680,0,14592,768,0,2304,768,0,0,0,0,0,0,0,40,768,0,0,0
256,128,16,16,1024,2048,500,mvm,64,768,768,isap,4608,13824,7680,0,14592,768,0,2304,768,0,0,0,0,0,0,0,40,768,0,0,0
256,128,16,16,1024,2048,500,mvm,64,768,768,isap,4608,13824,7680,0,14592,768,0,2304,768,0,0,0,0,0,0,0,40,768,0,0,0
256,128,16,16,1024,2048,500,mvm,64,768,768,wsap,1020,3060,1536,0,3230,170,0,510,170,11362,598,0,1794,598,43056,0,8,768,0,0,0
256,128,16,16,1024,2048,500,mvm,64,768,768,ispp,4608,13824,7680,0,0,3072,12288,0,3072,0,0,0,0,0,0,0,40,15360,13824,0,0
256,128,16,16,1024,2048,500,mvm,64,768,768,wsap,1020,3060,1536,0,3230,170,0,510,170,11362,598,0,1794,598,43056,0,8,768,0,0,0
256,128,16,16,1024,2048,500,mvm,64,768,768,wsap,1020,3060,1536,0,3230,170,0,510,170,11362,598,0,1794,598,43056,0,8,768,0,0,0
256,128,16,16,1024,2048,500,mvm,64,768,768,wsap,1020,3060,1536,0,3230,170,0,510,170,11362,598,0,1794,598,43056,0,8,768,0,0,0
256,128,16,16,1024,2048,500,mvm,64,768,768,wsap,1020,3060,1536,0,3230,170,0,510,170,11362,598,0,1794,598,43056,0,8,768,0,0,0
256,128,16,16,1024,2048,500,mvm,64,768,768,wsap,1020,3060,1536,0,3230,170,0,510,170,11362,598,0,1794,598,43056,0,8,768,0,0,0
256,128,16,16,1024,2048,500,mvm,64,768,768,wsap,1020,3060,1536,0,3230,170,0,510,170,11362,598,0,1794,598,43056,0,8,768,0,0,0
256,128,16,16,1024,2048,500,mvm,64,768,768,wsap,1020,3060,1536,0,3230,170,0,510,170,11362,598,0,1794,598,43056,0,8,768,0,0,0
256,128,16,16,1024,2048,500,mvm,64,768,768,wsap,1020,3060,1536,0,3230,170,0,510,170,11362,598,0,1794,598,43056,0,8,768,0,0,0
256,128,16,16,1024,2048,500,mvm,64,768,768,wsap,1020,3060,1536,0,3230,170,0,510,170,11362,598,0,1794,598,43056,0,8,768,0,0,0
256,128,16,16,1024,2048,500,mvm,64,768,768,wsap,1020,3060,1536,0,3230,170,0,510,170,11362,598,0,1794,598,43056,0,8,768,0,0,0
256,128,8,16,1024,2048,250,mvm,64,768,768,wsap,1020,3060,1536,0,6460,340,0,1020,340,22724,719,0,4065,1196,86112,0,12,1485,0,0,0
256,128,8,16,1024,2048,250,mvm,64,768,768,wsap,1020,3060,1536,0,6460,340,0,1020,340,22724,719,0,4065,1196,86112,0,12,1485,0,0,0
256,128,8,16,1024,2048,250,mvm,64,768,768,wsap,1020,3060,1536,0,6460,340,0,1020,340,22724,719,0,4065,1196,86112,0,12,1485,0,0,0
256,128,8,16,1024,2048,250,mvm,64,768,768,wsap,1020,3060,1536,0,6460,340,0,1020,340,22724,719,0,4065,1196,86112,0,12,1485,0,0,0
256,128,8,16,1024,2048,250,mvm,64,768,768,wsap,1020,3060,1536,0,6460,340,0,1020,340,22724,719,0,4065,1196,86112,0,12,1485,0,0,0
256,128,8,16,1024,2048,250,mvm,64,768,768,wsap,1020,3060,1536,0,6460,340,0,1020,340,22724,719,0,4065,1196,86112,0,12,1485,0,0,0
256,128,8,16,1024,2048,250,mvm,64,768,768,wsap,1020,3060,1536,0,6460,340,0,1020,340,22724,719,0,4065,1196,86112,0,12,1485,0,0,0
256,128,8,16,1024,2048,250,mha,64,768,12,wspp,0,0,6144,0,0,0,0,0,0,0,0,0,4608,0,864,0,48,0,4607,0,2304
256,128,8,16,1024,2048,250,mha,64,768,12,wspp,0,0,6144,0,0,0,0,0,0,0,0,0,4608,0,864,0,48,0,4607,0,2304
256,128,8,16,1024,2048,250,mha,64,768,12,wspp,0,0,6144,0,0,0,0,0,0,0,0,0,4608,0,864,0,48,0,4607,0,2304
256,128,8,16,1024,2048,250,mvm,64,768,768,wsap,1020,3060,1536,0,6460,340,0,1020,340,22724,719,0,4065,1196,86112,0,12,1485,0,0,0
256,128,8,16,1024,2048,250,mvm,64,768,768,wspp,1020,3060,1536,0,0,1360,5440,0,1360,0,688,6848,4096,17072,10764,0,12,18432,32256,0,0
256,128,8,16,2,2048,250,mvm,64,768,768,wspp,0,0,1536,0,0,0,0,0,0,0,2048,12288,4096,18432,13824,0,12,18432,32256,0,0
256,128,8,16,2,2048,250,mvm,64,768,768,wspp,0,0,1536,0,0,0,0,0,0,0,2048,12288,4096,18432,13824,0,12,18432,0,32256,0
256,128,8,16,1024,2048,250,mvm,64,768,768,wspp,1020,3060,1536,0,0,1360,5440,0,1360,0,688,6848,4096,17072,10764,0,12,18432,7140,25116,0
256,128,8,16,1024,2048,250,mha,64,768,12,wspp,0,0,6144,0,0,0,0,0,0,0,0,0,4608,0,864,0,48,0,0,4607,2304
256,128,8,16,1024,2048,250,mha,64,768,12,wspp,0,0,6144,0,0,0,0,0,0,0,0,0,4608,0,864,0,48,0,0,4607,2304
256,128,8,16,1024,2048,250,mha,64,768,12,wspp,0,0,6144,0,0,0,0,0,0,0,0,0,4608,0,864,0,48,0,0,4607,2304
256,128,8,16,1024,2048,250,mha,64,768,12,wspp,0,0,6144,0,0,0,0,0,0,0,0,0,4608,0,864,0,48,0,0,4607,2304
256,128,8,16,1024,2048,250,mha,64,768,12,wspp,0,0,6144,0,0,0,0,0,0,0,0,0,4608,0,864,0,48,0,0,4607,2304
256,128,8,16,1024,2048,250,mha,64,768,12,wspp,0,0,6144,0,0,0,0,0,0,0,0,0,4608,0,864,0,48,0,0,4607,2304
256,128,8,16,1024,2048,250,mha,64,768,12,wspp,0,0,6144,0,0,0,0,0,0,0,0,0,4608,0,864,0,48,0,0,4607,2304
256,128,8,16,1024,2048,250,mha,64,768,12,wspp,0,0,6144,0,0,0,0,0,0,0,0,0,4608,0,864,0,48,0,0,4607,2304
256,128,8,16,1024,2048,250,mha,64,768,12,wspp,0,0,6144,0,0,0,0,0,0,0,0,0,0,0,0,0,48,0,0,0,0
256,128,8,16,1024,2048,250,mha,64,768,12,wspp,0,0,6144,0,0,0,0,0,0,0,0,0,0,0,0,0,48,0,0,0,0
256,128,8,16,1024,2048,250,mvm,64,768,768,wspp,1020,3060,1536,0,0,1360,5440,0,1360,0,688,6848,4096,17072,10764,0,12,18432,7140,25116,0
256,128,8,16,1024,2048,250,mha,64,768,12,wspp,0,0,6144,0,0,0,0,0,0,0,0,0,0,0,0,0,48,0,0,0,0
256,128,16,16,1024,2048,250,mha,64,768,12,wspp,0,0,6144,0,0,0,0,0,0,0,0,0,2112,0,792,0,48,0,0,792,1056
256,128,16,16,1024,2048,250,mha,64,768,12,wspp,0,0,6144,0,0,0,0,0,0,0,0,0,2112,0,792,0,48,0,0,792,1056
256,128,16,16,1024,2048,250,mha,64,768,12,wspp,0,0,6144,0,0,0,0,0,0,0,0,0,2112,0,792,0,48,0,0,792,1056
256,128,16,16,1024,2048,250,mha,64,768,12,wspp,0,0,6144,0,0,0,0,0,0,0,0,0,2112,0,792,0,48,0,0,792,1056
256,128,16,16,1024,2048,250,mha,64,768,12,wspp,0,0,6144,0,0,0,0,0,0,0,0,0,2112,0,792,0,48,0,0,792,1056
256,128,16,16,1024,2048,250,mha,64,768,12,wspp,0,0,6144,0,0,0,0,0,0,0,0,0,2112,0,792,0,48,0,0,792,1056
256,128,16,16,1024,2048,250,mvm,64,768,768,wspp,1020,3060,1536,0,0,680,2720,0,680,0,1368,6496,1024,5464,10764,0,8,12288,3060,10764,0
256,128,16,16,1024,2048,250,mvm,64,768,768,wspp,1020,3060,1536,0,0,680,2720,0,680,0,1368,6496,1024,5464,10764,0,8,12288,3060,10764,0
256,128,16,16,1024,2048,250,mvm,64,768,768,wspp,1020,3060,1536,0,0,680,2720,0,680,0,1368,6496,1024,5464,10764,0,8,12288,3060,10764,0
256,128,16,16,1024,2048,250,mvm,64,768,768,wspp,1020,3060,1536,0,0,680,2720,0,680,0,1368,6496,1024,5464,10764,0,8,12288,3060,10764,0
256,128,16,8,1024,2048,250,mvm,64,768,768,wspp,1020,3060,1536,0,0,680,2720,0,680,0,1368,6496,1024,5464,10764,0,12,12288,3060,10764,0
256,128,16,8,1024,2048,250,mha,64,768,12,wspp,0,0,6144,0,0,0,0,0,0,0,0,0,2112,0,792,0,48,0,0,792,1056
256,128,8,8,1024,2048,250,mha,64,768,12,lhd,0,0,0,0,0,0,0,0,0,0,0,0,0,0,0,0,0,0,0,0,0
256,128,8,8,1024,2048,250,mha,64,768,12,lhd,0,0,0,0,0,0,0,0,0,0,0,0,0,0,0,0,0,0,0,0,0
256,128,8,8,1024,2048,250,mha,64,768,12,lhd,0,0,0,0,0,0,0,0,0,0,0,0,0,0,0,0,0,0,0,0,0
256,128,8,8,1024,2048,250,mvm,64,768,64,isap,384,1152,1536,0,2304,256,0,256,256,0,0,0,0,0,0,0,24,256,0,0,0
256,128,8,8,1024,2048,250,mvm,64,768,64,isap,384,1152,1536,0,2304,256,0,256,256,0,0,0,0,0,0,0,24,256,0,0,0
256,128,8,8,1024,2048,250,mvm,64,768,64,isap,384,1152,1536,0,2304,256,0,256,256,0,0,0,0,0,0,0,24,256,0,0,0
256,128,8,8,1024,2048,250,mvm,64,768,64,isap,384,1152,1536,0,2304,256,0,256,256,0,0,0,0,0,0,0,24,256,0,0,0
256,128,8,8,1024,2048,250,mvm,64,768,64,isap,384,1152,1536,0,2304,256,0,256,256,0,0,0,0,0,0,0,24,256,0,0,0
256,128,8,8,1024,2048,250,mvm,64,768,64,isap,384,1152,1536,0,2304,256,0,256,256,0,0,0,0,0,0,0,24,256,0,0,0
256,128,8,8,1024,2048,250,mvm,64,768,64,isap,384,1152,1536,0,2304,256,0,256,256,0,0,0,0,0,0,0,24,256,0,0,0
256,128,8,8,1024,2048,250,mvm,64,768,64,isap,384,1152,1536,0,2304,256,0,256,256,0,0,0,0,0,0,0,24,256,0,0,0
256,128,8,8,1024,2048,250,mvm,64,768,64,isap,384,1152,1536,0,2304,256,0,256,256,0,0,0,0,0,0,0,24,256,0,0,0
256,128,8,8,1024,2048,250,mvm,64,768,64,isap,384,1152,1536,0,2304,256,0,256,256,0,0,0,0,0,0,0,24,256,0,0,0
256,128,8,8,1024,2048,250,mvm,64,768,64,isap,384,1152,1536,0,2304,256,0,256,256,0,0,0,0,0,0,0,24,256,0,0,0
256,128,8,8,1024,2048,250,mvm,64,768,64,isap,384,1152,1536,0,2304,256,0,256,256,0,0,0,0,0,0,0,24,256,0,0,0
256,128,8,8,1024,2048,250,mvm,64,768,64,isap,384,1152,1536,0,2304,256,0,256,256,0,0,0,0,0,0,0,24,256,0,0,0
256,128,8,8,1024,2048,250,mvm,64,768,64,isap,384,1152,1536,0,2304,256,0,256,256,0,0,0,0,0,0,0,24,256,0,0,0
256,128,8,8,1024,2048,250,mvm,64,768,64,isap,384,1152,1536,0,2304,256,0,256,256,0,0,0,0,0,0,0,24,256,0,0,0
256,128,8,8,1024,2048,250,mvm,64,768,64,isap,384,1152,1536,0,2304,256,0,256,256,0,0,0,0,0,0,0,24,256,0,0,0
256,128,8,8,1024,2048,250,mvm,64,768,64,isap,384,1152,1536,0,2304,256,0,256,256,0,0,0,0,0,0,0,24,256,0,0,0
256,128,8,8,1024,2048,250,mvm,64,768,64,isap,384,1152,1536,0,2304,256,0,256,256,0,0,0,0,0,0,0,24,256,0,0,0
256,128,8,8,1024,2048,250,mvm,64,768,64,isap,384,1152,1536,0,2304,256,0,256,256,0,0,0,0,0,0,0,24,256,0,0,0
256,128,8,8,1024,2048,250,mvm,64,768,64,isap,384,1152,1536,0,2304,256,0,256,256,0,0,0,0,0,0,0,24,256,0,0,0
256,128,8,8,1024,2048,250,mvm,64,768,64,isap,384,1152,1536,0,2304,256,0,256,256,0,0,0,0,0,0,0,24,256,0,0,0
256,128,8,8,1024,2048,250,mvm,64,768,64,isap,384,1152,1536,0,2304,256,0,256,256,0,0,0,0,0,0,0,24,256,0,0,0
256,128,8,8,1024,2048,250,mvm,64,768,64,isap,384,1152,1536,0,2304,256,0,256,256,0,0,0,0,0,0,0,24,256,0,0,0
256,128,8,8,1024,2048,250,mvm,64,768,64,isap,384,1152,1536,0,2304,256,0,256,256,0,0,0,0,0,0,0,24,256,0,0,0
256,128,8,8,1024,2048,250,mvm,64,768,64,isap,384,1152,1536,0,2304,256,0,256,256,0,0,0,0,0,0,0,24,256,0,0,0
256,128,8,8,1024,2048,250,mvm,64,768,64,isap,384,1152,1536,0,2304,256,0,256,256,0,0,0,0,0,0,0,24,256,0,0,0
256,128,8,8,1024,2048,250,mvm,64,768,64,isap,384,1152,1536,0,2304,256,0,256,256,0,0,0,0,0,0,0,24,256,0,0,0
256,128,8,8,1024,2048,250,mvm,64,768,64,isap,384,1152,1536,0,2304,256,0,256,256,0,0,0,0,0,0,0,24,256,0,0,0
256,128,8,8,1024,2048,250,mvm,64,768,64,isap,384,1152,1536,0,2304,256,0,256,256,0,0,0,0,0,0,0,24,256,0,0,0
256,128,8,8,1024,2048,250,mvm,64,768,64,ispp,384,1152,1536,0,0,512,2048,0,512,0,0,0,0,0,0,0,24,2560,2688,0,0
256,128,8,8,1024,2048,250,mvm,64,768,64,ispp,384,1152,1536,0,0,512,2048,0,512,0,0,0,0,0,0,0,24,2560,2688,0,0
256,128,8,8,1024,2048,250,mvm,64,768,64,isap,384,1152,1536,0,2304,256,0,256,256,0,0,0,0,0,0,0,24,256,0,0,0
256,128,8,8,1024,2048,250,mvm,64,768,64,wsap,384,1152,1536,0,2304,256,0,256,256,0,0,0,0,0,0,0,24,256,0,0,0
256,128,8,8,1024,2048,250,mvm,64,768,64,wspp,384,1152,1536,0,0,512,2048,0,512,0,0,0,0,0,0,0,24,2560,2688,0,0
256,128,8,8,1024,2048,250,mvm,64,768,64,wspp,384,1152,1536,0,0,512,2048,0,512,0,0,0,0,0,0,0,24,2560,2688,0,0
256,128,8,8,1024,2048,250,mvm,64,768,64,ispp,384,1152,1536,0,0,512,2048,0,512,0,0,0,0,0,0,0,24,2560,2688,0,0
256,128,8,8,1024,2048,250,mvm,64,1024,1024,ispp,8192,24576,16384,0,0,8192,49152,0,8192,0,0,0,0,0,0,0,256,57344,57344,0,0
256,128,8,8,1024,2048,250,mvm,64,768,64,ispp,384,1152,1536,0,0,512,2048,0,512,0,0,0,0,0,0,0,24,2560,2688,0,0
256,128,8,8,1024,2048,250,mvm,64,1024,1024,isap,8192,24576,16384,0,57344,0,0,8192,0,0,0,0,0,0,0,0,256,0,0,0,0
256,128,8,8,1024,2048,250,mvm,64,1024,1024,ispp,8192,24576,16384,0,0,8192,49152,0,8192,0,0,0,0,0,0,0,256,57344,57344,0,0
256,128,8,8,1024,2048,250,mvm,64,1024,1024,wsap,1024,3072,2048,0,7168,0,0,1024,0,50176,0,0,7168,0,172032,0,32,0,0,0,0
256,128,8,8,1024,2048,250,mvm,64,1024,1024,wspp,1024,3072,2048,0,0,1024,6144,0,1024,0,1024,6144,6144,44032,21504,0,32,20480,7168,50176,0
256,128,8,8,1024,2048,250,mvm,64,1024,1024,wspp,1024,3072,2048,0,0,1024,6144,0,1024,0,1024,6144,6144,44032,21504,0,32,20480,7168,50176,0
256,128,8,8,1024,2048,250,mvm,64,1024,1024,wspp,1024,3072,2048,0,0,1024,6144,0,1024,0,1024,6144,6144,44032,21504,0,32,20480,7168,50176,0
256,128,8,8,1024,2048,250,mvm,64,1024,1024,wspp,1024,3072,2048,0,0,1024,6144,0,1024,0,1024,6144,6144,44032,21504,0,32,20480,7168,50176,0
256,128,8,8,1024,2048,250,mvm,64,1024,1024,isap,8192,24576,16384,0,57344,0,0,8192,0,0,0,0,0,0,0,0,256,0,0,0,0
256,128,8,8,1024,2048,250,mvm,64,1024,1024,ispp,8192,24576,16384,0,0,8192,49152,0,8192,0,0,0,0,0,0,0,256,57344,57344,0,0
256,128,8,8,1024,2048,250,mvm,64,1024,1024,wsap,1024,3072,2048,0,7168,0,0,1024,0,50176,0,0,7168,0,172032,0,32,0,0,0,0
256,128,8,8,1024,2048,250,mvm,64,1024,1024,wspp,1024,3072,2048,0,0,1024,6144,0,1024,0,1024,6144,6144,44032,21504,0,32,20480,7168,50176,0
256,128,8,8,1024,2048,250,mvm,512,1024,1024,isap,8192,24576,131072,0,458752,0,0,65536,0,0,0,0,0,0,0,0,2048,0,0,0,0
256,128,8,8,1024,2048,250,mvm,512,1024,1024,ispp,8192,24576,131072,0,0,16384,98304,49152,360448,0,0,0,0,0,0,0,2048,146304,458752,0,0
256,128,8,8,1024,2048,250,mvm,512,1024,1024,wsap,1024,3072,16384,0,57344,0,0,8192,0,401408,0,0,57344,0,1376256,0,256,0,0,0,0
256,128,8,8,1024,2048,250,mvm,512,1024,1024,wspp,1024,3072,16384,0,0,2048,12288,6144,45056,0,0,0,57344,401408,172032,0,256,47104,57344,401408,0
256,128,8,8,1024,2048,250,mvm,512,1024,1024,isap,8192,24576,131072,0,458752,0,0,65536,0,0,0,0,0,0,0,0,2048,0,0,0,0
256,128,8,8,1024,2048,250,mvm,512,1024,1024,isap,8192,24576,131072,0,458752,0,0,65536,0,0,0,0,0,0,0,0,2048,0,0,0,0
256,128,8,8,1024,2048,250,mvm,512,1024,1024,isap,8192,24576,131072,0,458752,0,0,65536,0,0,0,0,0,0,0,0,2048,0,0,0,0
256,128,8,8,1024,2048,250,mvm,512,1024,1024,isap,8192,24576,131072,0,458752,0,0,65536,0,0,0,0,0,0,0,0,2048,0,0,0,0
256,128,8,8,1024,2048,250,mvm,512,1024,1024,isap,8192,24576,131072,0,458752,0,0,65536,0,0,0,0,0,0,0,0,2048,0,0,0,0
256,128,8,8,1024,2048,250,mvm,512,1024,1024,isap,8192,24576,131072,0,458752,0,0,65536,0,0,0,0,0,0,0,0,2048,0,0,0,0
256,128,8,8,1024,2048,250,mvm,512,1024,1024,isap,8192,24576,131072,0,458752,0,0,65536,0,0,0,0,0,0,0,0,2048,0,0,0,0
256,128,8,8,1024,2048,250,mvm,512,1024,1024,isap,8192,24576,131072,0,458752,0,0,65536,0,0,0,0,0,0,0,0,2048,0,0,0,0
256,128,8,8,1024,2048,250,mvm,512,1024,1024,isap,8192,24576,131072,0,458752,0,0,65536,0,0,0,0,0,0,0,0,2048,0,0,0,0
256,128,8,8,1024,2048,250,mvm,512,1024,1024,isap,8192,24576,131072,0,458752,0,0,65536,0,0,0,0,0,0,0,0,2048,0,0,0,0
256,128,8,8,1024,2048,250,mvm,512,1024,1024,isap,8192,24576,131072,0,458752,0,0,65536,0,0,0,0,0,0,0,0,2048,0,0,0,0
256,128,8,8,1024,2048,250,mvm,512,1024,1024,isap,8192,24576,131072,0,458752,0,0,65536,0,0,0,0,0,0,0,0,2048,0,0,0,0
256,128,8,8,1024,2048,250,mvm,512,1024,1024,ispp,8192,24576,131072,0,0,16384,98304,49152,360448,0,0,0,0,0,0,0,2048,146304,458752,0,0
256,128,8,8,1024,2048,250,mvm,512,1024,1024,wspp,1024,3072,16384,0,0,2048,12288,6144,45056,0,0,0,57344,401408,172032,0,256,47104,57344,401408,0
256,128,8,8,1024,2048,250,mvm,512,1024,1024,wsap,1024,3072,16384,0,57344,0,0,8192,0,401408,0,0,57344,0,1376256,0,256,0,0,0,0
256,128,8,8,1024,2048,250,mvm,512,1024,1024,wsap,1024,3072,16384,0,57344,0,0,8192,0,401408,0,0,57344,0,1376256,0,256,0,0,0,0
256,128,8,8,1024,2048,250,mvm,512,1024,1024,wspp,1024,3072,16384,0,0,2048,12288,6144,45056,0,0,0,57344,401408,172032,0,256,47104,57344,401408,0
256,128,8,8,1024,2048,250,mvm,512,1024,1024,isap,8192,24576,131072,0,458752,0,0,65536,0,0,0,0,0,0,0,0,2048,0,0,0,0
256,128,8,8,1024,2048,250,mvm,512,1024,1024,ispp,8192,24576,131072,0,0,16384,98304,49152,360448,0,0,0,0,0,0,0,2048,146304,458752,0,0
256,128,8,8,1024,2048,250,mvm,512,1024,1024,ispp,8192,24576,131072,0,0,16384,98304,49152,360448,0,0,0,0,0,0,0,2048,146304,458752,0,0
256,128,8,8,1024,2048,250,mvm,512,1024,1024,ispp,8192,24576,131072,0,0,16384,98304,49152,360448,0,0,0,0,0,0,0,2048,146304,458752,0,0
256,128,8,8,1024,2048,250,mvm,512,1024,1024,ispp,8192,24576,131072,0,0,16384,98304,49152,360448,0,0,0,0,0,0,0,2048,146304,458752,0,0
256,128,8,8,1024,2048,250,mvm,512,1024,1024,ispp,8192,24576,131072,0,0,16384,98304,49152,360448,0,0,0,0,0,0,0,2048,146304,458752,0,0
256,128,8,8,1024,2048,250,mvm,512,1024,1024,ispp,8192,24576,131072,0,0,16384,98304,49152,360448,0,0,0,0,0,0,0,2048,146304,458752,0,0
256,128,8,8,1024,2048,250,mvm,512,1024,1024,ispp,8192,24576,131072,0,0,16384,98304,49152,360448,0,0,0,0,0,0,0,2048,146304,458752,0,0
256,128,8,8,1024,2048,250,mvm,512,1024,1024,ispp,8192,24576,131072,0,0,16384,98304,49152,360448,0,0,0,0,0,0,0,2048,146304,458752,0,0
256,128,8,8,1024,2048,250,mvm,512,1024,1024,ispp,8192,24576,131072,0,0,16384,98304,49152,360448,0,0,0,0,0,0,0,2048,146304,458752,0,0
256,128,8,8,256,2048,250,mvm,512,1024,1024,ispp,8192,24576,524288,0,0,65536,393216,0,65536,0,0,0,0,0,0,0,8192,458752,458752,0,0
256,128,8,8,256,2048,250,mvm,512,1024,1024,ispp,8192,24576,524288,0,0,65536,393216,0,65536,0,0,0,0,0,0,0,8192,458752,458752,0,0
256,128,8,8,256,2048,250,mvm,512,1024,1024,ispp,8192,24576,524288,0,0,65536,393216,0,65536,0,0,0,0,0,0,0,8192,458752,458752,0,0
256,128,8,8,256,2048,250,mvm,512,1024,1024,ispp,8192,24576,524288,0,0,65536,393216,0,65536,0,0,0,0,0,0,0,8192,458752,458752,0,0
256,128,8,8,256,2048,250,mvm,512,1024,1024,isap,8192,24576,524288,0,458752,0,0,65536,0,0,0,0,0,0,0,0,8192,0,0,0,0
256,128,8,8,256,2048,250,mvm,512,1024,1024,ispp,8192,24576,524288,0,0,65536,393216,0,65536,0,0,0,0,0,0,0,8192,458752,458752,0,0
256,128,8,8,256,2048,250,mvm,512,1024,1024,wsap,256,768,16384,0,14336,0,0,2048,0,444416,0,0,63488,0,1523712,0,256,0,0,0,0
256,128,8,8,256,2048,250,mvm,512,1024,1024,wspp,256,768,16384,0,0,2048,12288,0,2048,0,0,0,63488,444416,190464,0,256,47104,14336,444416,0
256,128,8,8,256,256,250,mvm,512,1024,1024,isap,8192,24576,524288,0,458752,0,0,65536,0,0,0,0,0,0,0,0,8192,0,0,0,0
256,128,8,8,256,256,250,mvm,512,1024,1024,ispp,8192,24576,524288,0,0,8192,49152,57344,409600,0,0,0,0,0,0,0,8192,90112,458752,0,0
256,128,8,8,256,256,250,mvm,512,1024,1024,wsap,256,768,16384,0,14336,0,0,2048,0,444416,0,0,63488,0,1523712,0,256,0,0,0,0
256,128,8,8,256,256,250,mvm,512,1024,1024,wspp,256,768,16384,0,0,256,1536,1792,12800,0,0,0,63488,444416,190464,0,256,34560,14336,444416,0
256,128,8,8,256,256,250,mvm,512,1024,1024,isap,8192,24576,524288,0,458752,0,0,65536,0,0,0,0,0,0,0,0,8192,0,0,0,0
256,128,8,8,256,256,250,mvm,512,1024,1024,ispp,8192,24576,524288,0,0,8192,49152,57344,409600,0,0,0,0,0,0,0,8192,90112,458752,0,0
256,128,8,8,256,256,250,mvm,512,1024,1024,wsap,256,768,16384,0,14336,0,0,2048,0,444416,0,0,63488,0,1523712,0,256,0,0,0,0
256,128,8,8,256,256,250,mvm,512,1024,1024,wspp,256,768,16384,0,0,256,1536,1792,12800,0,0,0,63488,444416,190464,0,256,34560,14336,444416,0
256,128,8,8,256,16,250,mvm,512,1024,1024,isap,8192,24576,524288,0,458752,0,0,65536,0,0,0,0,0,0,0,0,8192,0,0,0,0
256,128,8,8,256,16,250,mvm,512,1024,1024,ispp,8192,24576,524288,0,0,512,3072,65024,455680,0,0,0,0,0,0,0,8192,36352,458752,0,0
256,128,8,8,256,16,250,mvm,512,1024,1024,wsap,256,768,16384,0,14336,0,0,2048,0,444416,0,0,63488,0,1523712,0,256,0,0,0,0
256,128,8,8,256,16,250,mvm,512,1024,1024,wspp,256,768,16384,0,0,16,96,2032,14240,0,0,0,63488,444416,190464,0,256,32880,14336,444416,0
256,128,8,8,256,16,250,mvm,512,1024,1024,isap,8192,24576,524288,0,458752,0,0,65536,0,0,0,0,0,0,0,0,8192,0,0,0,0
256,128,8,8,256,16,250,mvm,512,1024,1024,ispp,8192,24576,524288,0,0,512,3072,65024,455680,0,0,0,0,0,0,0,8192,36352,458752,0,0
256,128,8,8,256,16,250,mvm,512,1024,1024,wsap,256,768,16384,0,14336,0,0,2048,0,444416,0,0,63488,0,1523712,0,256,0,0,0,0
256,128,8,8,256,16,250,mvm,512,1024,1024,wspp,256,768,16384,0,0,16,96,2032,14240,0,0,0,63488,444416,190464,0,256,32880,14336,444416,0
256,128,8,8,256,16,250,mvm,512,1024,1024,isap,8192,24576,524288,0,458752,0,0,65536,0,0,0,0,0,0,0,0,8192,0,0,0,0
256,128,8,8,256,16,250,mvm,512,1024,1024,ispp,8192,24576,524288,0,0,512,3072,65024,455680,0,0,0,0,0,0,0,8192,36352,458752,0,0
256,128,8,8,256,16,250,mvm,512,1024,1024,wsap,256,768,16384,0,14336,0,0,2048,0,444416,0,0,63488,0,1523712,0,256,0,0,0,0
256,128,8,8,256,16,250,mvm,512,1024,1024,wspp,256,768,16384,0,0,16,96,2032,14240,0,0,0,63488,444416,190464,0,256,32880,14336,444416,0
256,128,8,8,256,16,250,mvm,512,1024,1024,isap,8192,24576,524288,0,458752,0,0,65536,0,0,0,0,0,0,0,0,8192,0,0,0,0
256,128,8,8,256,16,250,mvm,512,1024,1024,ispp,8192,24576,524288,0,0,512,3072,65024,455680,0,0,0,0,0,0,0,8192,36352,458752,0,0
256,128,8,8,256,16,250,mvm,512,1024,1024,wsap,256,768,16384,0,14336,0,0,2048,0,444416,0,0,63488,0,1523712,0,256,0,0,0,0
256,128,8,8,256,16,250,mvm,512,1024,1024,wspp,256,768,16384,0,0,16,96,2032,14240,0,0,0,63488,444416,190464,0,256,32880,14336,444416,0
256,128,8,8,256,16,250,mvm,512,1024,1024,isap,8192,24576,524288,0,458752,0,0,65536,0,0,0,0,0,0,0,0,8192,0,0,0,0
256,128,8,8,256,16,250,mvm,512,1024,1024,ispp,8192,24576,524288,0,0,512,3072,65024,455680,0,0,0,0,0,0,0,8192,36352,458752,0,0
256,128,8,8,256,16,250,mvm,512,1024,1024,wsap,256,768,16384,0,14336,0,0,2048,0,444416,0,0,63488,0,1523712,0,256,0,0,0,0
256,128,8,8,256,16,250,mvm,512,1024,1024,wspp,256,768,16384,0,0,16,96,2032,14240,0,0,0,63488,444416,190464,0,256,32880,14336,444416,0
256,128,8,8,256,16,250,mvm,512,1024,1024,isap,8192,24576,524288,0,458752,0,0,65536,0,0,0,0,0,0,0,0,8192,0,0,0,0
256,128,8,8,256,16,250,mvm,512,1024,1024,ispp,8192,24576,524288,0,0,512,3072,65024,455680,0,0,0,0,0,0,0,8192,36352,458752,0,0
256,128,8,8,256,16,250,mvm,512,1024,1024,wsap,256,768,16384,0,14336,0,0,2048,0,444416,0,0,63488,0,1523712,0,256,0,0,0,0
256,128,8,8,256,16,250,mvm,512,1024,1024,wspp,256,768,16384,0,0,16,96,2032,14240,0,0,0,63488,444416,190464,0,256,32880,14336,444416,0
256,128,8,8,1024,2048,250,mvm,64,768,64,isap,384,1152,1536,0,2304,256,0,256,256,0,0,0,0,0,0,0,24,256,0,0,0
256,128,8,8,1024,2048,250,mvm,64,768,64,ispp,384,1152,1536,0,0,512,2048,0,512,0,0,0,0,0,0,0,24,2560,2688,0,0
256,128,8,8,1024,2048,250,mvm,64,768,64,wsap,384,1152,1536,0,2304,256,0,256,256,0,0,0,0,0,0,0,24,256,0,0,0
256,128,8,8,1024,2048,250,mvm,64,768,64,wspp,384,1152,1536,0,0,512,2048,0,512,0,0,0,0,0,0,0,24,2560,2688,0,0
256,128,8,8,1024,2048,250,mvm,64,768,64,isap,384,1152,1536,0,2304,256,0,256,256,0,0,0,0,0,0,0,24,256,0,0,0
256,128,8,8,1024,2048,250,mvm,64,768,64,ispp,384,1152,1536,0,0,512,2048,0,512,0,0,0,0,0,0,0,24,2560,2688,0,0
256,128,8,8,1024,2048,250,mvm,64,768,64,wsap,384,1152,1536,0,2304,256,0,256,256,0,0,0,0,0,0,0,24,256,0,0,0
256,128,8,8,1024,2048,250,mvm,64,768,64,wspp,384,1152,1536,0,0,512,2048,0,512,0,0,0,0,0,0,0,24,2560,2688,0,0
256,128,8,8,1024,2048,250,mvm,64,768,64,isap,384,1152,1536,0,2304,256,0,256,256,0,0,0,0,0,0,0,24,256,0,0,0
256,128,8,8,1024,2048,250,mvm,64,768,64,ispp,384,1152,1536,0,0,512,2048,0,512,0,0,0,0,0,0,0,24,2560,2688,0,0
256,128,8,8,1024,2048,250,mvm,64,768,64,wsap,384,1152,1536,0,2304,256,0,256,256,0,0,0,0,0,0,0,24,256,0,0,0
256,128,8,8,1024,2048,250,mvm,64,768,64,wspp,384,1152,1536,0,0,512,2048,0,512,0,0,0,0,0,0,0,24,2560,2688,0,0
256,128,8,8,1024,2048,250,mvm,64,768,64,isap,384,1152,1536,0,2304,256,0,256,256,0,0,0,0,0,0,0,24,256,0,0,0
256,128,8,8,1024,2048,250,mvm,64,768,64,ispp,384,1152,1536,0,0,512,2048,0,512,0,0,0,0,0,0,0,24,2560,2688,0,0
256,128,8,8,1024,2048,250,mvm,64,768,64,wsap,384,1152,1536,0,2304,256,0,256,256,0,0,0,0,0,0,0,24,256,0,0,0
256,128,8,8,1024,2048,250,mvm,64,768,64,wspp,384,1152,1536,0,0,512,2048,0,512,0,0,0,0,0,0,0,24,2560,2688,0,0
256,128,8,8,1024,2048,250,mha,64,768,12,lhd,0,0,0,0,0,0,0,0,0,0,0,0,0,0,0,0,0,0,0,0,0
256,128,8,8,1024,2048,250,mvm,512,1024,1024,isap,8192,24576,131072,0,458752,0,0,65536,0,0,0,0,0,0,0,0,2048,0,0,0,0
256,128,8,8,1024,2048,250,mvm,512,1024,1024,ispp,8192,24576,131072,0,0,16384,98304,49152,360448,0,0,0,0,0,0,312448,2048,146304,458752,0,0
256,128,8,8,1024,2048,250,mvm,512,1024,1024,wsap,1024,3072,16384,0,57344,0,0,8192,0,401408,0,0,57344,0,1376256,0,256,0,0,0,0
256,128,8,8,1024,2048,250,mvm,512,1024,1024,wspp,1024,3072,16384,0,0,2048,12288,6144,45056,0,0,0,57344,401408,172032,411648,256,47104,57344,401408,0
256,128,8,8,1024,2048,250,mha,64,768,12,lhd,0,0,0,0,0,0,0,0,0,0,0,0,0,0,0,0,0,0,0,0,0
256,128,8,8,1024,2048,250,mvm,512,1024,1024,isap,8192,24576,131072,0,458752,0,0,65536,0,0,0,0,0,0,0,0,2048,0,0,0,0
256,128,8,8,1024,2048,250,mvm,512,1024,1024,ispp,8192,24576,131072,0,0,16384,98304,49152,360448,0,0,0,0,0,0,312448,2048,146304,458752,0,0
256,128,8,8,1024,2048,250,mvm,512,1024,1024,wsap,1024,3072,16384,0,57344,0,0,8192,0,401408,0,0,57344,0,1376256,0,256,0,0,0,0
256,128,8,8,1024,2048,250,mvm,512,1024,1024,wspp,1024,3072,16384,0,0,2048,12288,6144,45056,0,0,0,57344,401408,172032,411648,256,47104,57344,401408,0
256,128,8,8,1024,2048,250,mha,64,768,12,lhd,0,0,0,0,0,0,0,0,0,0,0,0,0,0,0,0,0,0,0,0,0
256,128,8,8,1024,2048,250,mvm,512,1024,1024,isap,8192,24576,131072,0,458752,0,0,65536,0,0,0,0,0,0,0,0,2048,0,0,0,0
256,128,8,8,1024,2048,250,mvm,512,1024,1024,ispp,8192,24576,131072,0,0,16384,98304,49152,360448,0,0,0,0,0,0,312448,2048,146304,458752,0,0
256,128,8,8,1024,2048,250,mvm,512,1024,1024,wsap,1024,3072,16384,0,57344,0,0,8192,0,401408,0,0,57344,0,1376256,0,256,0,0,0,0
256,128,8,8,1024,2048,250,mvm,512,1024,1024,wspp,1024,3072,16384,0,0,2048,12288,6144,45056,0,0,0,57344,401408,172032,411648,256,47104,57344,401408,0
256,128,8,8,1024,2048,250,mha,64,768,12,lhd,0,0,0,0,0,0,0,0,0,0,0,0,0,0,0,0,0,0,0,0,0
256,128,8,8,1024,2048,250,mvm,512,1024,1024,isap,8192,24576,131072,0,458752,0,0,65536,0,0,0,0,0,0,0,0,2048,0,0,0,0
256,128,8,8,1024,2048,250,mvm,512,1024,1024,ispp,8192,24576,131072,0,0,16384,98304,49152,360448,0,0,0,0,0,0,312448,2048,146304,458752,0,0
256,128,8,8,1024,2048,250,mvm,512,1024,1024,wsap,1024,3072,16384,0,57344,0,0,8192,0,401408,0,0,57344,0,1376256,0,256,0,0,0,0
256,128,8,8,1024,2048,250,mvm,512,1024,1024,wspp,1024,3072,16384,0,0,2048,12288,6144,45056,0,0,0,57344,401408,172032,411648,256,47104,57344,401408,0
256,128,8,8,1024,2048,250,mha,64,768,12,lhd,0,0,0,0,0,0,0,0,0,0,0,0,0,0,0,0,0,0,0,0,0
256,128,8,8,1024,2048,250,mvm,512,1024,1024,isap,8192,24576,131072,0,458752,0,0,65536,0,0,0,0,0,0,0,0,2048,0,0,0,0
256,128,8,8,1024,2048,250,mvm,512,1024,1024,ispp,8192,24576,131072,0,0,16384,98304,49152,360448,0,0,0,0,0,0,312448,2048,146304,458752,0,0
256,128,8,8,1024,2048,250,mvm,512,1024,1024,wsap,1024,3072,16384,0,57344,0,0,8192,0,401408,0,0,57344,0,1376256,0,256,0,0,0,0
256,128,8,8,1024,2048,250,mvm,512,1024,1024,wspp,1024,3072,16384,0,0,2048,12288,6144,45056,0,0,0,57344,401408,172032,411648,256,47104,57344,401408,0
256,128,8,8,1024,2048,250,mha,64,768,12,lhd,0,0,0,0,0,0,0,0,0,0,0,0,0,0,0,0,0,0,0,0,0
256,128,8,16,1024,2048,250,mvm,512,1024,1024,isap,8192,24576,131072,0,458752,0,0,65536,0,0,0,0,0,0,0,0,1024,0,0,0,0
256,128,8,16,1024,2048,250,mvm,512,1024,1024,ispp,8192,24576,131072,0,0,16384,98304,49152,360448,0,0,0,0,0,0,311296,1024,147456,491520,0,0
256,128,8,16,1024,2048,250,mvm,512,1024,1024,wsap,1024,3072,16384,0,57344,0,0,8192,0,401408,0,0,57344,0,1376256,0,128,0,0,0,0
256,128,8,16,1024,2048,250,mvm,512,1024,1024,wspp,1024,3072,16384,0,0,2048,12288,6144,45056,0,0,0,57344,401408,86016,411648,128,47104,61440,430080,0
256,128,8,16,1024,2048,250,mha,64,768,12,wspp,0,0,6144,0,0,0,0,0,0,0,0,0,0,0,0,0,48,0,0,0,0
256,128,16,16,1024,2048,250,mvm,512,1024,1024,isap,8192,24576,131072,0,229376,0,0,32768,0,0,0,0,0,0,0,0,512,0,0,0,0
256,128,16,16,1024,2048,250,mvm,512,1024,1024,ispp,8192,24576,131072,0,0,16384,98304,16384,131072,0,0,0,0,0,0,98304,512,131072,245760,0,0
256,128,16,16,1024,2048,250,mvm,512,1024,1024,wsap,1024,3072,16384,0,28672,0,0,4096,0,200704,0,0,28672,0,688128,0,64,0,0,0,0
256,128,16,16,1024,2048,250,mvm,512,1024,1024,wspp,1024,3072,16384,0,0,2048,12288,2048,16384,0,0,0,28672,200704,43008,198656,64,30720,30720,215040,0
256,128,16,16,1024,2048,250,mha,64,768,12,wspp,0,0,6144,0,0,0,0,0,0,0,0,0,2112,0,792,0,48,0,0,792,1056
256,128,8,16,1024,2048,250,mvm,512,1024,1024,isap,8192,24576,131072,0,458752,0,0,65536,0,0,0,0,0,0,0,0,1024,0,0,0,0
256,128,8,16,1024,2048,250,mvm,512,1024,1024,ispp,8192,24576,131072,0,0,16384,98304,49152,360448,0,0,0,0,0,0,311296,1024,147456,491520,0,0
256,128,8,16,1024,2048,250,mvm,512,1024,1024,wsap,1024,3072,16384,0,57344,0,0,8192,0,401408,0,0,57344,0,1376256,0,128,0,0,0,0
256,128,8,16,1024,2048,250,mvm,512,1024,1024,wspp,1024,3072,16384,0,0,2048,12288,6144,45056,0,0,0,57344,401408,86016,411648,128,47104,61440,430080,0
256,128,8,16,1024,2048,250,mha,64,768,12,wspp,0,0,6144,0,0,0,0,0,0,0,0,0,0,0,0,0,48,0,0,0,0
256,128,8,16,1024,2048,250,mvm,512,1024,1024,isap,8192,24576,131072,0,458752,0,0,65536,0,0,0,0,0,0,0,0,1024,0,0,0,0
256,128,8,16,1024,2048,250,mvm,512,1024,1024,ispp,8192,24576,131072,0,0,16384,98304,49152,360448,0,0,0,0,0,0,311296,1024,147456,491520,0,0
256,128,8,16,1024,2048,250,mvm,512,1024,1024,wsap,1024,3072,16384,0,57344,0,0,8192,0,401408,0,0,57344,0,1376256,0,128,0,0,0,0
256,128,8,16,1024,2048,250,mvm,512,1024,1024,wspp,1024,3072,16384,0,0,2048,12288,6144,45056,0,0,0,57344,401408,86016,411648,128,47104,61440,430080,0
256,128,8,16,1024,2048,250,mha,64,768,12,wspp,0,0,6144,0,0,0,0,0,0,0,0,0,0,0,0,0,48,0,0,0,0
256,128,16,16,1024,2048,250,mvm,512,1024,1024,isap,8192,24576,131072,0,229376,0,0,32768,0,0,0,0,0,0,0,0,512,0,0,0,0
256,128,16,16,1024,2048,250,mvm,512,1024,1024,ispp,8192,24576,131072,0,0,16384,98304,16384,131072,0,0,0,0,0,0,98304,512,131072,245760,0,0
256,128,16,16,1024,2048,250,mvm,512,1024,1024,wsap,1024,3072,16384,0,28672,0,0,4096,0,200704,0,0,28672,0,688128,0,64,0,0,0,0
256,128,16,16,1024,2048,250,mvm,512,1024,1024,wspp,1024,3072,16384,0,0,2048,12288,2048,16384,0,0,0,28672,200704,43008,198656,64,30720,30720,215040,0
256,128,16,16,1024,2048,250,mha,64,768,12,wspp,0,0,6144,0,0,0,0,0,0,0,0,0,2112,0,792,0,48,0,0,792,1056
256,128,16,16,1024,2048,250,mvm,512,1024,1024,isap,8192,24576,131072,0,229376,0,0,32768,0,0,0,0,0,0,0,0,512,0,0,0,0
256,128,16,16,1024,2048,250,mvm,512,1024,1024,ispp,8192,24576,131072,0,0,16384,98304,16384,131072,0,0,0,0,0,0,98304,512,131072,245760,0,0
256,128,16,16,1024,2048,250,mvm,512,1024,1024,wsap,1024,3072,16384,0,28672,0,0,4096,0,200704,0,0,28672,0,688128,0,64,0,0,0,0
256,128,16,16,1024,2048,250,mvm,512,1024,1024,wspp,1024,3072,16384,0,0,2048,12288,2048,16384,0,0,0,28672,200704,43008,198656,64,30720,30720,215040,0
256,128,16,16,1024,2048,250,mha,64,768,12,wspp,0,0,6144,0,0,0,0,0,0,0,0,0,2112,0,792,0,48,0,0,792,1056
256,128,16,16,1024,2048,250,mvm,512,1024,1024,isap,8192,24576,131072,0,229376,0,0,32768,0,0,0,0,0,0,0,0,512,0,0,0,0
256,128,16,16,1024,2048,250,mvm,512,1024,1024,ispp,8192,24576,131072,0,0,16384,98304,16384,131072,0,0,0,0,0,0,98304,512,131072,245760,0,0
256,128,16,16,1024,2048,250,mvm,512,1024,1024,wsap,1024,3072,16384,0,28672,0,0,4096,0,200704,0,0,28672,0,688128,0,64,0,0,0,0
256,128,16,16,1024,2048,250,mvm,512,1024,1024,wspp,1024,3072,16384,0,0,2048,12288,2048,16384,0,0,0,28672,200704,43008,198656,64,30720,30720,215040,0
256,128,16,16,1024,2048,250,mha,64,768,12,wspp,0,0,6144,0,0,0,0,0,0,0,0,0,2112,0,792,0,48,0,0,792,1056
256,128,16,16,1024,2048,250,mvm,512,1024,1024,isap,8192,24576,131072,0,229376,0,0,32768,0,0,0,0,0,0,0,0,512,0,0,0,0
256,128,16,16,1024,2048,250,mvm,512,1024,1024,ispp,8192,24576,131072,0,0,16384,98304,16384,131072,0,0,0,0,0,0,98304,512,131072,245760,0,0
256,128,16,16,1024,2048,250,mvm,512,1024,1024,wsap,1024,3072,16384,0,28672,0,0,4096,0,200704,0,0,28672,0,688128,0,64,0,0,0,0
256,128,16,16,1024,2048,250,mvm,512,1024,1024,wspp,1024,3072,16384,0,0,2048,12288,2048,16384,0,0,0,28672,200704,43008,198656,64,30720,30720,215040,0
256,128,16,16,1024,2048,250,mha,64,768,12,wspp,0,0,6144,0,0,0,0,0,0,0,0,0,2112,0,792,0,48,0,0,792,1056
256,128,16,16,1024,2048,250,mvm,64,64,64,isap,64,192,256,0,0,0,0,256,0,0,0,0,0,0,0,0,4,0,192,0,0
256,128,16,16,1024,2048,250,mvm,64,64,64,ispp,64,192,256,0,0,0,0,256,0,0,0,0,0,0,0,0,4,0,192,0,0
256,128,16,16,1024,2048,250,mvm,64,64,64,wsap,64,192,256,0,0,0,0,256,0,0,0,0,0,0,0,0,4,0,192,0,0
256,128,16,16,1024,2048,250,mvm,64,64,64,wspp,64,192,256,0,0,0,0,256,0,0,0,0,0,0,0,0,4,0,192,0,0
256,128,16,16,1024,2048,250,mha,64,768,12,wspp,0,0,6144,0,0,0,0,0,0,0,0,0,2112,0,792,0,48,0,0,792,1056
256,128,16,16,1024,2048,250,mvm,64,64,64,isap,64,192,256,0,0,0,0,256,0,0,0,0,0,0,0,0,4,0,192,0,0
256,128,16,16,1024,2048,250,mvm,64,64,64,ispp,64,192,256,0,0,0,0,256,0,0,0,0,0,0,0,0,4,0,192,0,0
256,128,16,16,1024,2048,250,mvm,64,64,64,wsap,64,192,256,0,0,0,0,256,0,0,0,0,0,0,0,0,4,0,192,0,0
256,128,16,16,1024,2048,250,mvm,64,64,64,wspp,64,192,256,0,0,0,0,256,0,0,0,0,0,0,0,0,4,0,192,0,0
256,128,16,16,1024,2048,250,mha,64,768,12,wspp,0,0,6144,0,0,0,0,0,0,0,0,0,6144,0,2304,0,48,0,0,2304,3072
256,128,16,16,1024,2048,250,mvm,64,64,64,isap,64,192,256,0,0,0,0,256,0,0,0,0,0,0,0,0,4,0,192,0,0
256,128,16,16,1024,2048,250,mvm,64,64,64,ispp,64,192,256,0,0,0,0,256,0,0,0,0,0,0,0,0,4,0,192,0,0
256,128,16,16,1024,2048,250,mvm,64,64,64,wsap,64,192,256,0,0,0,0,256,0,0,0,0,0,0,0,0,4,0,192,0,0
256,128,16,16,1024,2048,250,mvm,64,64,64,wspp,64,192,256,0,0,0,0,256,0,0,0,0,0,0,0,0,4,0,192,0,0
256,128,16,16,1024,2048,250,mha,64,768,12,wspp,0,0,6144,0,0,0,0,0,0,0,0,0,6144,0,2304,0,48,0,0,2304,3072
256,128,16,16,1024,2048,250,mvm,64,64,64,isap,64,192,256,0,0,0,0,256,0,0,0,0,0,0,0,0,4,0,192,0,0
256,128,16,16,1024,2048,250,mvm,64,64,64,ispp,64,192,256,0,0,0,0,256,0,0,0,0,0,0,0,0,4,0,192,0,0
256,128,16,16,1024,2048,250,mvm,64,64,64,wsap,64,192,256,0,0,0,0,256,0,0,0,0,0,0,0,0,4,0,192,0,0
256,128,16,16,1024,2048,250,mvm,64,64,64,wspp,64,192,256,0,0,0,0,256,0,0,0,0,0,0,0,0,4,0,192,0,0
256,128,16,16,1024,2048,250,mha,64,768,12,wspp,0,0,6144,0,0,0,0,0,0,0,0,0,6144,0,2304,0,48,0,0,2304,3072
256,128,16,16,1024,2048,250,mvm,64,64,64,isap,64,192,256,0,0,0,0,256,0,0,0,0,0,0,0,0,4,0,192,0,0
256,128,16,16,1024,2048,250,mvm,64,64,64,ispp,64,192,256,0,0,0,0,256,0,0,0,0,0,0,0,0,4,0,192,0,0
256,128,16,16,1024,2048,250,mvm,64,64,64,wsap,64,192,256,0,0,0,0,256,0,0,0,0,0,0,0,0,4,0,192,0,0
256,128,16,16,1024,2048,250,mvm,64,64,64,wspp,64,192,256,0,0,0,0,256,0,0,0,0,0,0,0,0,4,0,192,0,0
256,128,16,16,1024,2048,250,mha,64,768,12,wspp,0,0,6144,0,0,0,0,0,0,0,0,0,6144,0,2304,0,48,0,0,2304,3072
256,128,16,16,1024,2048,250,mvm,64,64,64,isap,64,192,256,0,0,0,0,256,0,0,0,0,0,0,0,0,4,0,192,0,0
256,128,16,16,1024,2048,250,mvm,64,64,64,ispp,64,192,256,0,0,0,0,256,0,0,0,0,0,0,0,0,4,0,192,0,0
256,128,16,16,1024,2048,250,mvm,64,64,64,wsap,64,192,256,0,0,0,0,256,0,0,0,0,0,0,0,0,4,0,192,0,0
256,128,16,16,1024,2048,250,mvm,64,64,64,wspp,64,192,256,0,0,0,0,256,0,0,0,0,0,0,0,0,4,0,192,0,0
256,128,16,16,1024,2048,250,mha,64,768,12,wspp,0,0,6144,0,0,0,0,0,0,0,0,0,6144,0,2304,0,48,0,0,2304,3072
256,128,16,16,1024,2048,250,mvm,64,64,64,isap,64,192,256,0,0,0,0,256,0,0,0,0,0,0,0,0,4,0,192,0,0
256,128,16,16,1024,2048,250,mvm,64,64,64,ispp,64,192,256,0,0,0,0,256,0,0,0,0,0,0,0,0,4,0,192,0,0
256,128,16,16,1024,2048,250,mvm,64,64,64,wsap,64,192,256,0,0,0,0,256,0,0,0,0,0,0,0,0,4,0,192,0,0
256,128,16,16,1024,2048,250,mvm,64,64,64,wspp,64,192,256,0,0,0,0,256,0,0,0,0,0,0,0,0,4,0,192,0,0
256,128,16,16,1024,2048,250,mha,64,768,12,wspp,0,0,6144,0,0,0,0,0,0,0,0,0,6144,0,2304,0,48,0,0,2304,3072
256,128,16,16,1024,2048,250,mvm,64,64,64,isap,64,192,256,0,0,0,0,256,0,0,0,0,0,0,0,0,4,0,192,0,0
256,128,16,16,1024,2048,250,mvm,64,64,64,ispp,64,192,256,0,0,0,0,256,0,0,0,0,0,0,0,0,4,0,192,0,0
256,128,16,16,1024,2048,250,mvm,64,64,64,wsap,64,192,256,0,0,0,0,256,0,0,0,0,0,0,0,0,4,0,192,0,0
256,128,16,16,1024,2048,250,mvm,64,64,64,wspp,64,192,256,0,0,0,0,256,0,0,0,0,0,0,0,0,4,0,192,0,0
256,128,16,16,1024,2048,250,mha,512,768,12,lhd,0,0,0,0,0,0,0,0,0,0,0,0,0,0,0,0,0,0,0,0,0
256,128,16,16,1024,2048,250,mvm,64,64,64,isap,64,192,256,0,0,0,0,256,0,0,0,0,0,0,0,0,4,0,192,0,0
256,128,16,16,1024,2048,250,mvm,64,64,64,ispp,64,192,256,0,0,0,0,256,0,0,0,0,0,0,0,0,4,0,192,0,0
256,128,16,16,1024,2048,250,mvm,64,64,64,wsap,64,192,256,0,0,0,0,256,0,0,0,0,0,0,0,0,4,0,192,0,0
256,128,16,16,1024,2048,250,mvm,64,64,64,wspp,64,192,256,0,0,0,0,256,0,0,0,0,0,0,0,0,4,0,192,0,0
256,128,16,16,1024,2048,250,mha,128,768,12,wspp,0,0,9216,0,0,0,0,0,0,0,0,0,18432,0,4608,0,48,0,0,10752,6144
256,128,16,16,1024,2048,250,mvm,64,64,64,isap,64,192,256,0,0,0,0,256,0,0,0,0,0,0,0,0,4,0,192,0,0
256,128,16,16,1024,2048,250,mvm,64,64,64,ispp,64,192,256,0,0,0,0,256,0,0,0,0,0,0,0,0,4,0,192,0,0
256,128,16,16,1024,2048,250,mvm,64,64,64,wsap,64,192,256,0,0,0,0,256,0,0,0,0,0,0,0,0,4,0,192,0,0
256,128,16,16,1024,2048,250,mvm,64,64,64,wspp,64,192,256,0,0,0,0,256,0,0,0,0,0,0,0,0,4,0,192,0,0
256,128,16,16,1024,2048,250,mha,128,768,12,wspp,0,0,9216,0,0,0,0,0,0,0,0,0,18432,0,4608,0,48,0,0,10752,6144
256,128,16,16,1024,2048,250,mvm,64,64,64,isap,64,192,256,0,0,0,0,256,0,0,0,0,0,0,0,0,4,0,192,0,0
256,128,16,16,1024,2048,250,mvm,64,64,64,ispp,64,192,256,0,0,0,0,256,0,0,0,0,0,0,0,0,4,0,192,0,0
256,128,16,16,1024,2048,250,mvm,64,64,64,wsap,64,192,256,0,0,0,0,256,0,0,0,0,0,0,0,0,4,0,192,0,0
256,128,16,16,1024,2048,250,mvm,64,64,64,wspp,64,192,256,0,0,0,0,256,0,0,0,0,0,0,0,0,4,0,192,0,0
256,128,16,16,1024,2048,250,mha,128,768,12,wspp,0,0,9216,0,0,0,0,0,0,0,0,0,18432,0,4608,0,48,0,0,10752,6144
256,128,16,16,1024,2048,250,mvm,64,64,64,isap,64,192,256,0,0,0,0,256,0,0,0,0,0,0,0,0,4,0,192,0,0
256,128,16,16,1024,2048,250,mvm,64,64,64,ispp,64,192,256,0,0,0,0,256,0,0,0,0,0,0,0,0,4,0,192,0,0
256,128,16,16,1024,2048,250,mvm,64,64,64,wsap,64,192,256,0,0,0,0,256,0,0,0,0,0,0,0,0,4,0,192,0,0
256,128,16,16,1024,2048,250,mvm,64,64,64,wspp,64,192,256,0,0,0,0,256,0,0,0,0,0,0,0,0,4,0,192,0,0
256,128,16,16,1024,2048,250,mha,128,768,12,wspp,0,0,9216,0,0,0,0,0,0,0,0,0,18432,0,4608,0,48,0,0,10752,6144
256,128,16,16,1024,2048,250,mvm,64,64,64,isap,64,192,256,0,0,0,0,256,0,0,0,0,0,0,0,0,4,0,192,0,0
256,128,16,16,1024,2048,250,mvm,64,64,64,ispp,64,192,256,0,0,0,0,256,0,0,0,0,0,0,0,0,4,0,192,0,0
256,128,16,16,1024,2048,250,mvm,64,64,64,wsap,64,192,256,0,0,0,0,256,0,0,0,0,0,0,0,0,4,0,192,0,0
256,128,16,16,1024,2048,250,mvm,64,64,64,wspp,64,192,256,0,0,0,0,256,0,0,0,0,0,0,0,0,4,0,192,0,0
256,128,16,16,1024,2048,250,mha,128,768,12,wspp,0,0,9216,0,0,0,0,0,0,0,0,0,18432,0,4608,0,48,0,0,10752,6144
256,128,16,16,1024,2048,250,mvm,64,64,64,isap,64,192,256,0,0,0,0,256,0,0,0,0,0,0,0,0,4,0,192,0,0
256,128,16,16,1024,2048,250,mvm,64,64,64,ispp,64,192,256,0,0,0,0,256,0,0,0,0,0,0,0,0,4,0,192,0,0
256,128,16,16,1024,2048,250,mvm,64,64,64,wsap,64,192,256,0,0,0,0,256,0,0,0,0,0,0,0,0,4,0,192,0,0
256,128,16,16,1024,2048,250,mvm,64,64,64,wspp,64,192,256,0,0,0,0,256,0,0,0,0,0,0,0,0,4,0,192,0,0
256,128,16,16,1024,2048,250,mha,128,768,12,wspp,0,0,9216,0,0,0,0,0,0,0,0,0,18432,0,4608,0,48,0,0,10752,6144
256,128,8,8,1024,2048,250,mvm,512,1024,512,isap,4096,12288,65536,0,229376,0,0,32768,0,0,0,0,0,0,0,0,1024,0,0,0,0
256,128,8,8,1024,2048,250,mvm,512,1024,512,ispp,4096,12288,65536,0,0,8192,49152,24576,180224,0,0,0,0,0,0,156224,1024,73152,229376,0,0
256,128,8,8,1024,2048,250,mvm,512,1024,512,wsap,1024,3072,16384,0,57344,0,0,8192,0,172032,0,0,24576,0,589824,0,256,0,0,0,0
256,128,8,8,1024,2048,250,mvm,512,1024,512,wspp,1024,3072,16384,0,0,2048,12288,6144,45056,0,0,0,24576,172032,73728,198656,256,30720,57344,172032,0
256,128,8,8,1024,2048,250,mvm,512,1024,512,isap,4096,12288,65536,0,229376,0,0,32768,0,0,0,0,0,0,0,0,1024,0,0,0,0
256,128,8,8,1024,2048,250,mvm,512,1024,512,ispp,4096,12288,65536,0,0,8192,49152,24576,180224,0,0,0,0,0,0,156224,1024,73152,229376,0,0
256,128,8,8,1024,2048,250,mvm,512,1024,512,wsap,1024,3072,16384,0,57344,0,0,8192,0,172032,0,0,24576,0,589824,0,256,0,0,0,0
256,128,8,8,1024,2048,250,mvm,512,1024,512,wspp,1024,3072,16384,0,0,2048,12288,6144,45056,0,0,0,24576,172032,73728,198656,256,30720,57344,172032,0
256,128,8,8,1024,2048,250,mvm,512,1024,512,isap,4096,12288,65536,0,229376,0,0,32768,0,0,0,0,0,0,0,0,1024,0,0,0,0
256,128,8,8,1024,2048,250,mvm,512,1024,512,ispp,4096,12288,65536,0,0,8192,49152,24576,180224,0,0,0,0,0,0,156224,1024,73152,229376,0,0
256,128,8,8,1024,2048,250,mvm,512,1024,512,wsap,1024,3072,16384,0,57344,0,0,8192,0,172032,0,0,24576,0,589824,0,256,0,0,0,0
256,128,8,8,1024,2048,250,mvm,512,1024,512,wspp,1024,3072,16384,0,0,2048,12288,6144,45056,0,0,0,24576,172032,73728,198656,256,30720,57344,172032,0
256,128,8,8,1024,2048,250,mvm,512,1024,512,isap,4096,12288,65536,0,229376,0,0,32768,0,0,0,0,0,0,0,0,1024,0,0,0,0
256,128,8,8,1024,2048,250,mvm,512,1024,512,ispp,4096,12288,65536,0,0,8192,49152,24576,180224,0,0,0,0,0,0,156224,1024,73152,229376,0,0
256,128,8,8,1024,2048,250,mvm,512,1024,512,wsap,1024,3072,16384,0,57344,0,0,8192,0,172032,0,0,24576,0,589824,0,256,0,0,0,0
256,128,8,8,1024,2048,250,mvm,512,1024,512,wspp,1024,3072,16384,0,0,2048,12288,6144,45056,0,0,0,24576,172032,73728,198656,256,30720,57344,172032,0
256,128,8,8,1024,2048,250,mvm,512,1024,512,isap,4096,12288,65536,0,229376,0,0,32768,0,0,0,0,0,0,0,0,1024,0,0,0,0
256,128,8,8,1024,2048,250,mvm,512,1024,512,ispp,4096,12288,65536,0,0,8192,49152,24576,180224,0,0,0,0,0,0,156224,1024,73152,229376,0,0
256,128,8,8,1024,2048,250,mvm,512,1024,512,wsap,1024,3072,16384,0,57344,0,0,8192,0,172032,0,0,24576,0,589824,0,256,0,0,0,0
256,128,8,8,1024,2048,250,mvm,512,1024,512,wspp,1024,3072,16384,0,0,2048,12288,6144,45056,0,0,0,24576,172032,73728,198656,256,30720,57344,172032,0
256,128,8,8,1024,2048,250,mvm,512,1024,512,isap,4096,12288,65536,0,229376,0,0,32768,0,0,0,0,0,0,0,0,1024,0,0,0,0
256,128,8,8,1024,2048,250,mvm,512,1024,512,ispp,4096,12288,65536,0,0,8192,49152,24576,180224,0,0,0,0,0,0,156224,1024,73152,229376,0,0
256,128,8,8,1024,2048,250,mvm,512,1024,512,wsap,1024,3072,16384,0,57344,0,0,8192,0,172032,0,0,24576,0,589824,0,256,0,0,0,0
256,128,8,8,1024,2048,250,mvm,512,1024,512,wspp,1024,3072,16384,0,0,2048,12288,6144,45056,0,0,0,24576,172032,73728,198656,256,30720,57344,172032,0
256,128,8,8,1024,2048,250,mvm,512,1024,512,isap,4096,12288,65536,0,229376,0,0,32768,0,0,0,0,0,0,0,0,1024,0,0,0,0
256,128,8,8,1024,2048,250,mvm,512,1024,512,ispp,4096,12288,65536,0,0,8192,49152,24576,180224,0,0,0,0,0,0,156224,1024,73152,229376,0,0
256,128,8,8,1024,2048,250,mvm,512,1024,512,wsap,1024,3072,16384,0,57344,0,0,8192,0,172032,0,0,24576,0,589824,0,256,0,0,0,0
256,128,8,8,1024,2048,250,mvm,512,1024,512,wspp,1024,3072,16384,0,0,2048,12288,6144,45056,0,0,0,24576,172032,73728,198656,256,30720,57344,172032,0
256,128,8,8,1024,2048,250,mvm,512,1024,512,isap,4096,12288,65536,0,229376,0,0,32768,0,0,0,0,0,0,0,0,1024,0,0,0,0
256,128,8,8,1024,2048,250,mvm,512,1024,512,ispp,4096,12288,65536,0,0,8192,49152,24576,180224,0,0,0,0,0,0,156224,1024,73152,229376,0,0
256,128,8,8,1024,2048,250,mvm,512,1024,512,wsap,1024,3072,16384,0,57344,0,0,8192,0,172032,0,0,24576,0,589824,0,256,0,0,0,0
256,128,8,8,1024,2048,250,mvm,512,1024,512,wspp,1024,3072,16384,0,0,2048,12288,6144,45056,0,0,0,24576,172032,73728,198656,256,30720,57344,172032,0
256,128,8,8,1024,2048,250,mvm,512,1024,512,isap,4096,12288,65536,0,229376,0,0,32768,0,0,0,0,0,0,0,0,1024,0,0,0,0
256,128,8,8,1024,2048,250,mvm,512,1024,512,ispp,4096,12288,65536,0,0,8192,49152,24576,180224,0,0,0,0,0,0,156224,1024,73152,229376,0,0
256,128,8,8,1024,2048,250,mvm,512,1024,512,wsap,1024,3072,16384,0,57344,0,0,8192,0,172032,0,0,24576,0,589824,0,256,0,0,0,0
256,128,8,8,1024,2048,250,mvm,512,1024,512,wspp,1024,3072,16384,0,0,2048,12288,6144,45056,0,0,0,24576,172032,73728,198656,256,30720,57344,172032,0
256,128,8,8,1024,2048,250,mvm,512,1024,512,isap,4096,12288,65536,0,229376,0,0,32768,0,0,0,0,0,0,0,0,1024,0,0,0,0
256,128,8,8,1024,2048,250,mvm,512,1024,512,ispp,4096,12288,65536,0,0,8192,49152,24576,180224,0,0,0,0,0,0,156224,1024,73152,229376,0,0
256,128,8,8,1024,2048,250,mvm,512,1024,512,wsap,1024,3072,16384,0,57344,0,0,8192,0,172032,0,0,24576,0,589824,0,256,0,0,0,0
256,128,8,8,1024,2048,250,mvm,512,1024,512,wspp,1024,3072,16384,0,0,2048,12288,6144,45056,0,0,0,24576,172032,73728,198656,256,30720,57344,172032,0
256,128,8,8,1024,2048,250,mvm,512,1024,512,isap,4096,12288,65536,0,229376,0,0,32768,0,0,0,0,0,0,0,0,1024,0,0,0,0
256,128,8,8,1024,2048,250,mvm,512,1024,512,ispp,4096,12288,65536,0,0,8192,49152,24576,180224,0,0,0,0,0,0,156224,1024,73152,229376,0,0
256,128,8,8,1024,2048,250,mvm,512,1024,512,wsap,1024,3072,16384,0,57344,0,0,8192,0,172032,0,0,24576,0,589824,0,256,0,0,0,0
256,128,8,8,1024,2048,250,mvm,512,1024,512,wspp,1024,3072,16384,0,0,2048,12288,6144,45056,0,0,0,24576,172032,73728,198656,256,30720,57344,172032,0
256,128,8,8,1024,2048,250,mvm,512,1024,512,isap,4096,12288,65536,0,229376,0,0,32768,0,0,0,0,0,0,0,0,1024,0,0,0,0
256,128,8,8,1024,2048,250,mvm,512,1024,512,ispp,4096,12288,65536,0,0,8192,49152,24576,180224,0,0,0,0,0,0,156224,1024,73152,229376,0,0
256,128,8,8,1024,2048,250,mvm,512,1024,512,wsap,1024,3072,16384,0,57344,0,0,8192,0,172032,0,0,24576,0,589824,0,256,0,0,0,0
256,128,8,8,1024,2048,250,mvm,512,1024,512,wspp,1024,3072,16384,0,0,2048,12288,6144,45056,0,0,0,24576,172032,73728,198656,256,30720,57344,172032,0
256,128,8,8,1024,2048,250,mvm,512,1024,512,isap,4096,12288,65536,0,229376,0,0,32768,0,0,0,0,0,0,0,0,1024,0,0,0,0
256,128,8,8,1024,2048,250,mvm,512,1024,512,ispp,4096,12288,65536,0,0,8192,49152,24576,180224,0,0,0,0,0,0,156224,1024,73152,229376,0,0
256,128,8,8,1024,2048,250,mvm,512,1024,512,wsap,1024,3072,16384,0,57344,0,0,8192,0,172032,0,0,24576,0,589824,0,256,0,0,0,0
256,128,8,8,1024,2048,250,mvm,512,1024,512,wspp,1024,3072,16384,0,0,2048,12288,6144,45056,0,0,0,24576,172032,73728,198656,256,30720,57344,172032,0
256,128,8,8,1024,2048,250,mvm,512,1024,512,isap,4096,12288,65536,0,229376,0,0,32768,0,0,0,0,0,0,0,0,1024,0,0,0,0
256,128,8,8,1024,2048,250,mvm,512,1024,512,ispp,4096,12288,65536,0,0,8192,49152,24576,180224,0,0,0,0,0,0,156224,1024,73152,229376,0,0
256,128,8,8,1024,2048,250,mvm,512,1024,512,wsap,1024,3072,16384,0,57344,0,0,8192,0,172032,0,0,24576,0,589824,0,256,0,0,0,0
256,128,8,8,1024,2048,250,mvm,512,1024,512,wspp,1024,3072,16384,0,0,2048,12288,6144,45056,0,0,0,24576,172032,73728,198656,256,30720,57344,172032,0
256,128,8,8,1024,2048,250,mvm,512,1024,1024,isap,8192,24576,131072,0,458752,0,0,65536,0,0,0,0,0,0,0,0,2048,0,0,0,0
256,128,8,8,1024,2048,250,mvm,512,1024,1024,ispp,8192,24576,131072,0,0,16384,98304,49152,360448,0,0,0,0,0,0,312448,2048,146304,458752,0,0
256,128,8,8,1024,2048,250,mvm,512,1024,1024,wsap,1024,3072,16384,0,57344,0,0,8192,0,401408,0,0,57344,0,1376256,0,256,0,0,0,0
256,128,8,8,1024,2048,250,mvm,512,1024,1024,wspp,1024,3072,16384,0,0,2048,12288,6144,45056,0,0,0,57344,401408,172032,411648,256,47104,57344,401408,0
256,128,8,8,1024,2048,250,mvm,1024,1024,512,isap,4096,12288,131072,0,458752,0,0,65536,0,0,0,0,0,0,0,0,2048,0,0,0,0
256,128,8,8,1024,2048,250,mvm,1024,1024,512,ispp,4096,12288,131072,0,0,8192,49152,57344,409600,0,0,0,0,0,0,368896,2048,89856,458752,0,0
256,128,8,8,1024,2048,250,mvm,1024,1024,512,wsap,1024,3072,32768,0,114688,0,0,16384,0,344064,0,0,49152,0,1179648,0,512,0,0,0,0
256,128,8,8,1024,2048,250,mvm,1024,1024,512,wspp,1024,3072,32768,0,0,2048,12288,14336,102400,0,0,0,49152,344064,147456,411648,512,47104,114688,344064,0
256,128,8,8,1024,2048,250,mvm,512,1024,1024,isap,8192,24576,131072,0,458752,0,0,65536,0,0,0,0,0,0,0,0,2048,0,0,0,0
256,128,8,8,1024,2048,250,mvm,512,1024,1024,ispp,8192,24576,131072,0,0,16384,98304,49152,360448,0,0,0,0,0,0,312448,2048,146304,458752,0,0
256,128,8,8,1024,2048,250,mvm,512,1024,1024,wsap,1024,3072,16384,0,57344,0,0,8192,0,401408,0,0,57344,0,1376256,0,256,0,0,0,0
256,128,8,8,1024,2048,250,mvm,512,1024,1024,wspp,1024,3072,16384,0,0,2048,12288,6144,45056,0,0,0,57344,401408,172032,411648,256,47104,57344,401408,0
256,128,8,8,1024,2048,250,mvm,1024,1024,512,isap,4096,12288,131072,0,458752,0,0,65536,0,0,0,0,0,0,0,0,2048,0,0,0,0
256,128,8,8,1024,2048,250,mvm,1024,1024,512,ispp,4096,12288,131072,0,0,8192,49152,57344,409600,0,0,0,0,0,0,368896,2048,89856,458752,0,0
256,128,8,8,1024,2048,250,mvm,1024,1024,512,wsap,1024,3072,32768,0,114688,0,0,16384,0,344064,0,0,49152,0,1179648,0,512,0,0,0,0
256,128,8,8,1024,2048,250,mvm,1024,1024,512,wspp,1024,3072,32768,0,0,2048,12288,14336,102400,0,0,0,49152,344064,147456,411648,512,47104,114688,344064,0
256,128,8,8,1024,2048,250,mvm,512,1024,1024,isap,8192,24576,131072,0,458752,0,0,65536,0,0,0,0,0,0,0,0,2048,0,0,0,0
256,128,8,8,1024,2048,250,mvm,512,1024,1024,ispp,8192,24576,131072,0,0,16384,98304,49152,360448,0,0,0,0,0,0,312448,2048,146304,458752,0,0
256,128,8,8,1024,2048,250,mvm,512,1024,1024,wsap,1024,3072,16384,0,57344,0,0,8192,0,401408,0,0,57344,0,1376256,0,256,0,0,0,0
256,128,8,8,1024,2048,250,mvm,512,1024,1024,wspp,1024,3072,16384,0,0,2048,12288,6144,45056,0,0,0,57344,401408,172032,411648,256,47104,57344,401408,0
256,128,8,8,1024,2048,250,mvm,1024,1024,512,isap,4096,12288,131072,0,458752,0,0,65536,0,0,0,0,0,0,0,0,2048,0,0,0,0
256,128,8,8,1024,2048,250,mvm,1024,1024,512,ispp,4096,12288,131072,0,0,8192,49152,57344,409600,0,0,0,0,0,0,368896,2048,89856,458752,0,0
256,128,8,8,1024,2048,250,mvm,1024,1024,512,wsap,1024,3072,32768,0,114688,0,0,16384,0,344064,0,0,49152,0,1179648,0,512,0,0,0,0
256,128,8,8,1024,2048,250,mvm,1024,1024,512,wspp,1024,3072,32768,0,0,2048,12288,14336,102400,0,0,0,49152,344064,147456,411648,512,47104,114688,344064,0
256,128,8,8,1024,2048,250,mvm,512,1024,1024,isap,8192,24576,131072,0,458752,0,0,65536,0,0,0,0,0,0,0,0,2048,0,0,0,0
256,128,8,8,1024,2048,250,mvm,512,1024,1024,ispp,8192,24576,131072,0,0,16384,98304,49152,360448,0,0,0,0,0,0,312448,2048,146304,458752,0,0
256,128,8,8,1024,2048,250,mvm,512,1024,1024,wsap,1024,3072,16384,0,57344,0,0,8192,0,401408,0,0,57344,0,1376256,0,256,0,0,0,0
256,128,8,8,1024,2048,250,mvm,512,1024,1024,wspp,1024,3072,16384,0,0,2048,12288,6144,45056,0,0,0,57344,401408,172032,411648,256,47104,57344,401408,0
256,128,8,8,1024,2048,250,mvm,1024,1024,512,isap,4096,12288,131072,0,458752,0,0,65536,0,0,0,0,0,0,0,0,2048,0,0,0,0
256,128,8,8,1024,2048,250,mvm,1024,1024,512,ispp,4096,12288,131072,0,0,8192,49152,57344,409600,0,0,0,0,0,0,368896,2048,89856,458752,0,0
256,128,8,8,1024,2048,250,mvm,1024,1024,512,wsap,1024,3072,32768,0,114688,0,0,16384,0,344064,0,0,49152,0,1179648,0,512,0,0,0,0
256,128,8,8,1024,2048,250,mvm,1024,1024,512,wspp,1024,3072,32768,0,0,2048,12288,14336,102400,0,0,0,49152,344064,147456,411648,512,47104,114688,344064,0
256,128,16,16,256,2048,250,mvm,512,1024,1024,isap,8192,24576,524288,0,229376,0,0,32768,0,0,0,0,0,0,0,0,2048,0,0,0,0
256,128,16,16,256,2048,250,mvm,512,1024,1024,ispp,8192,24576,524288,0,0,32768,196608,0,32768,0,0,0,0,0,0,0,2048,229376,245760,0,0
256,128,16,16,256,2048,250,mvm,512,1024,1024,wsap,256,768,16384,0,7168,0,0,1024,0,222208,0,0,31744,0,761856,0,64,0,0,0,0
256,128,16,16,256,2048,250,mvm,512,1024,1024,wspp,256,768,16384,0,0,1024,6144,0,1024,0,1024,6144,30720,216064,47616,198656,64,30720,7680,238080,0
256,128,16,16,256,2048,250,mvm,1024,1024,512,isap,4096,12288,524288,0,229376,0,0,32768,0,0,0,0,0,0,0,0,2048,0,0,0,0
256,128,16,16,256,2048,250,mvm,1024,1024,512,ispp,4096,12288,524288,0,0,32768,196608,0,32768,0,0,0,0,0,0,0,2048,229376,245760,0,0
256,128,16,16,256,2048,250,mvm,1024,1024,512,wsap,256,768,32768,0,14336,0,0,2048,0,215040,0,0,30720,0,737280,0,128,0,0,0,0
256,128,16,16,256,2048,250,mvm,1024,1024,512,wspp,256,768,32768,0,0,2048,12288,0,2048,0,0,0,30720,215040,46080,198656,128,30720,15360,230400,0
256,128,16,16,256,2048,250,mvm,512,1024,1024,isap,8192,24576,524288,0,229376,0,0,32768,0,0,0,0,0,0,0,0,2048,0,0,0,0
256,128,16,16,256,2048,250,mvm,512,1024,1024,ispp,8192,24576,524288,0,0,32768,196608,0,32768,0,0,0,0,0,0,0,2048,229376,245760,0,0
256,128,16,16,256,2048,250,mvm,512,1024,1024,wsap,256,768,16384,0,7168,0,0,1024,0,222208,0,0,31744,0,761856,0,64,0,0,0,0
256,128,16,16,256,2048,250,mvm,512,1024,1024,wspp,256,768,16384,0,0,1024,6144,0,1024,0,1024,6144,30720,216064,47616,198656,64,30720,7680,238080,0
256,128,16,16,256,2048,250,mvm,1024,1024,512,isap,4096,12288,524288,0,229376,0,0,32768,0,0,0,0,0,0,0,0,2048,0,0,0,0
256,128,16,16,256,2048,250,mvm,1024,1024,512,ispp,4096,12288,524288,0,0,32768,196608,0,32768,0,0,0,0,0,0,0,2048,229376,245760,0,0
256,128,16,16,256,2048,250,mvm,1024,1024,512,wsap,256,768,32768,0,14336,0,0,2048,0,215040,0,0,30720,0,737280,0,128,0,0,0,0
256,128,16,16,256,2048,250,mvm,1024,1024,512,wspp,256,768,32768,0,0,2048,12288,0,2048,0,0,0,30720,215040,46080,198656,128,30720,15360,230400,0
256,128,16,16,256,2048,250,mvm,512,1024,1024,isap,8192,24576,524288,0,229376,0,0,32768,0,0,0,0,0,0,0,0,2048,0,0,0,0
256,128,16,16,256,2048,250,mvm,512,1024,1024,ispp,8192,24576,524288,0,0,32768,196608,0,32768,0,0,0,0,0,0,0,2048,229376,245760,0,0
256,128,16,16,256,2048,250,mvm,512,1024,1024,wsap,256,768,16384,0,7168,0,0,1024,0,222208,0,0,31744,0,761856,0,64,0,0,0,0
256,128,16,16,256,2048,250,mvm,512,1024,1024,wspp,256,768,16384,0,0,1024,6144,0,1024,0,1024,6144,30720,216064,47616,198656,64,30720,7680,238080,0
256,128,16,16,256,2048,250,mvm,1024,1024,512,isap,4096,12288,524288,0,229376,0,0,32768,0,0,0,0,0,0,0,0,2048,0,0,0,0
256,128,16,16,256,2048,250,mvm,1024,1024,512,ispp,4096,12288,524288,0,0,32768,196608,0,32768,0,0,0,0,0,0,0,2048,229376,245760,0,0
256,128,16,16,256,2048,250,mvm,1024,1024,512,wsap,256,768,32768,0,14336,0,0,2048,0,215040,0,0,30720,0,737280,0,128,0,0,0,0
256,128,16,16,256,2048,250,mvm,1024,1024,512,wspp,256,768,32768,0,0,2048,12288,0,2048,0,0,0,30720,215040,46080,198656,128,30720,15360,230400,0
256,128,16,16,256,2048,250,mvm,512,1024,1024,isap,8192,24576,524288,0,229376,0,0,32768,0,0,0,0,0,0,0,0,2048,0,0,0,0
256,128,16,16,256,2048,250,mvm,512,1024,1024,ispp,8192,24576,524288,0,0,32768,196608,0,32768,0,0,0,0,0,0,0,2048,229376,245760,0,0
256,128,16,16,256,2048,250,mvm,512,1024,1024,wsap,256,768,16384,0,7168,0,0,1024,0,222208,0,0,31744,0,761856,0,64,0,0,0,0
256,128,16,16,256,2048,250,mvm,512,1024,1024,wspp,256,768,16384,0,0,1024,6144,0,1024,0,1024,6144,30720,216064,47616,198656,64,30720,7680,238080,0
256,128,16,16,256,2048,250,mvm,1024,1024,512,isap,4096,12288,524288,0,229376,0,0,32768,0,0,0,0,0,0,0,0,2048,0,0,0,0
256,128,16,16,256,2048,250,mvm,1024,1024,512,ispp,4096,12288,524288,0,0,32768,196608,0,32768,0,0,0,0,0,0,0,2048,229376,245760,0,0
256,128,16,16,256,2048,250,mvm,1024,1024,512,wsap,256,768,32768,0,14336,0,0,2048,0,215040,0,0,30720,0,737280,0,128,0,0,0,0
256,128,16,16,256,2048,250,mvm,1024,1024,512,wspp,256,768,32768,0,0,2048,12288,0,2048,0,0,0,30720,215040,46080,198656,128,30720,15360,230400,0
256,128,16,16,256,2048,250,mvm,512,1024,1024,isap,8192,24576,524288,0,229376,0,0,32768,0,0,0,0,0,0,0,0,2048,0,0,0,0
256,128,16,16,256,2048,250,mvm,512,1024,1024,ispp,8192,24576,524288,0,0,32768,196608,0,32768,0,0,0,0,0,0,0,2048,229376,245760,0,0
256,128,16,16,256,2048,250,mvm,512,1024,1024,wsap,256,768,16384,0,7168,0,0,1024,0,222208,0,0,31744,0,761856,0,64,0,0,0,0
256,128,16,16,256,2048,250,mvm,512,1024,1024,wspp,256,768,16384,0,0,1024,6144,0,1024,0,1024,6144,30720,216064,47616,198656,64,30720,7680,238080,0
256,128,16,16,256,2048,250,mvm,1024,1024,512,isap,4096,12288,524288,0,229376,0,0,32768,0,0,0,0,0,0,0,0,2048,0,0,0,0
256,128,16,16,256,2048,250,mvm,1024,1024,512,ispp,4096,12288,524288,0,0,32768,196608,0,32768,0,0,0,0,0,0,0,2048,229376,245760,0,0
256,128,16,16,256,2048,250,mvm,1024,1024,512,wsap,256,768,32768,0,14336,0,0,2048,0,215040,0,0,30720,0,737280,0,128,0,0,0,0
256,128,16,16,256,2048,250,mvm,1024,1024,512,wspp,256,768,32768,0,0,2048,12288,0,2048,0,0,0,30720,215040,46080,198656,128,30720,15360,230400,0
256,128,16,16,1024,2048,250,mvm,512,1024,1024,isap,8192,24576,131072,0,229376,0,0,32768,0,0,0,0,0,0,0,0,512,0,0,0,0
256,128,16,16,1024,2048,250,mvm,512,1024,1024,ispp,8192,24576,131072,0,0,16384,98304,16384,131072,0,0,0,0,0,0,98304,512,131072,245760,0,0
256,128,16,16,1024,2048,250,mvm,512,1024,1024,wsap,1024,3072,16384,0,28672,0,0,4096,0,200704,0,0,28672,0,688128,0,64,0,0,0,0
256,128,16,16,1024,2048,250,mvm,512,1024,1024,wspp,1024,3072,16384,0,0,2048,12288,2048,16384,0,0,0,28672,200704,43008,198656,64,30720,30720,215040,0
256,128,16,16,1024,2048,250,mvm,1024,1024,512,isap,4096,12288,131072,0,229376,0,0,32768,0,0,0,0,0,0,0,0,512,0,0,0,0
256,128,16,16,1024,2048,250,mvm,1024,1024,512,ispp,4096,12288,131072,0,0,8192,49152,24576,180224,0,0,0,0,0,0,155648,512,73728,245760,0,0
256,128,16,16,1024,2048,250,mvm,1024,1024,512,wsap,1024,3072,32768,0,57344,0,0,8192,0,172032,0,0,24576,0,589824,0,128,0,0,0,0
256,128,16,16,1024,2048,250,mvm,1024,1024,512,wspp,1024,3072,32768,0,0,2048,12288,6144,45056,0,0,0,24576,172032,36864,198656,128,30720,61440,184320,0
256,128,16,16,1024,2048,250,proj,512,1024,1024,isap,8192,24576,131072,0,229376,0,0,32768,0,0,0,0,0,0,0,0,512,0,0,0,0
256,128,16,16,1024,2048,250,proj,512,1024,1024,ispp,8192,24576,131072,0,0,16384,98304,16384,131072,0,0,0,0,0,0,98304,512,131072,245760,0,0
256,128,16,16,1024,2048,250,proj,512,1024,1024,wsap,1024,3072,16384,0,28672,0,0,4096,0,200704,0,0,28672,0,688128,0,64,0,0,0,0
256,128,16,16,1024,2048,250,proj,512,1024,1024,wspp,1024,3072,16384,0,0,2048,12288,2048,16384,0,0,0,28672,200704,43008,198656,64,30720,30720,215040,0
256,128,16,16,1024,2048,250,proj,1024,1024,512,isap,4096,12288,131072,0,229376,0,0,32768,0,0,0,0,0,0,0,0,512,0,0,0,0
256,128,16,16,1024,2048,250,proj,1024,1024,512,ispp,4096,12288,131072,0,0,8192,49152,24576,180224,0,0,0,0,0,0,155648,512,73728,245760,0,0
256,128,16,16,1024,2048,250,proj,1024,1024,512,wsap,1024,3072,32768,0,57344,0,0,8192,0,172032,0,0,24576,0,589824,0,128,0,0,0,0
256,128,16,16,1024,2048,250,proj,1024,1024,512,wspp,1024,3072,32768,0,0,2048,12288,6144,45056,0,0,0,24576,172032,36864,198656,128,30720,61440,184320,0
256,128,16,16,1024,2048,250,proj,512,1024,1024,isap,8192,24576,131072,0,229376,0,0,32768,0,0,0,0,0,0,0,0,512,0,0,0,0
256,128,16,16,1024,2048,250,proj,512,1024,1024,ispp,8192,24576,131072,0,0,16384,98304,16384,131072,0,0,0,0,0,0,98304,512,131072,245760,0,0
256,128,16,16,1024,2048,250,proj,512,1024,1024,wsap,1024,3072,16384,0,28672,0,0,4096,0,200704,0,0,28672,0,688128,0,64,0,0,0,0
256,128,16,16,1024,2048,250,proj,512,1024,1024,wspp,1024,3072,16384,0,0,2048,12288,2048,16384,0,0,0,28672,200704,43008,198656,64,30720,30720,215040,0
256,128,16,16,1024,2048,250,proj,1024,1024,512,isap,4096,12288,131072,0,229376,0,0,32768,0,0,0,0,0,0,0,0,512,0,0,0,0
256,128,16,16,1024,2048,250,proj,1024,1024,512,ispp,4096,12288,131072,0,0,8192,49152,24576,180224,0,0,0,0,0,0,155648,512,73728,245760,0,0
256,128,16,16,1024,2048,250,proj,1024,1024,512,wsap,1024,3072,32768,0,57344,0,0,8192,0,172032,0,0,24576,0,589824,0,128,0,0,0,0
256,128,16,16,1024,2048,250,proj,1024,1024,512,wspp,1024,3072,32768,0,0,2048,12288,6144,45056,0,0,0,24576,172032,36864,198656,128,30720,61440,184320,0
256,128,16,16,1024,2048,250,proj,512,1024,1024,isap,8192,24576,131072,0,229376,0,0,32768,0,0,0,0,0,0,0,0,512,0,0,0,0
256,128,16,16,1024,2048,250,proj,512,1024,1024,ispp,8192,24576,131072,0,0,16384,98304,16384,131072,0,0,0,0,0,0,98304,512,131072,245760,0,0
256,128,16,16,1024,2048,250,proj,512,1024,1024,wsap,1024,3072,16384,0,28672,0,0,4096,0,200704,0,0,28672,0,688128,0,64,0,0,0,0
256,128,16,16,1024,2048,250,proj,512,1024,1024,wspp,1024,3072,16384,0,0,2048,12288,2048,16384,0,0,0,28672,200704,43008,198656,64,30720,30720,215040,0
256,128,16,16,1024,2048,250,proj,1024,1024,512,isap,4096,12288,131072,0,229376,0,0,32768,0,0,0,0,0,0,0,0,512,0,0,0,0
256,128,16,16,1024,2048,250,proj,1024,1024,512,ispp,4096,12288,131072,0,0,8192,49152,24576,180224,0,0,0,0,0,0,155648,512,73728,245760,0,0
256,128,16,16,1024,2048,250,proj,1024,1024,512,wsap,1024,3072,32768,0,57344,0,0,8192,0,172032,0,0,24576,0,589824,0,128,0,0,0,0
256,128,16,16,1024,2048,250,proj,1024,1024,512,wspp,1024,3072,32768,0,0,2048,12288,6144,45056,0,0,0,24576,172032,36864,198656,128,30720,61440,184320,0
256,128,16,16,1024,2048,250,proj,512,1024,1024,isap,8192,24576,131072,0,229376,0,0,32768,0,0,0,0,0,0,0,0,512,0,0,0,0
256,128,16,16,1024,2048,250,proj,512,1024,1024,ispp,8192,24576,131072,0,0,16384,98304,16384,131072,0,0,0,0,0,0,98304,512,131072,245760,0,0
256,128,16,16,1024,2048,250,proj,512,1024,1024,wsap,1024,3072,16384,0,28672,0,0,4096,0,200704,0,0,28672,0,688128,0,64,0,0,0,0
256,128,16,16,1024,2048,250,proj,512,1024,1024,wspp,1024,3072,16384,0,0,2048,12288,2048,16384,0,0,0,28672,200704,43008,198656,64,30720,30720,215040,0
256,128,16,16,1024,2048,250,proj,1024,1024,512,isap,4096,12288,131072,0,229376,0,0,32768,0,0,0,0,0,0,0,0,512,0,0,0,0
256,128,16,16,1024,2048,250,proj,1024,1024,512,ispp,4096,12288,131072,0,0,8192,49152,24576,180224,0,0,0,0,0,0,155648,512,73728,245760,0,0
256,128,16,16,1024,2048,250,proj,1024,1024,512,wsap,1024,3072,32768,0,57344,0,0,8192,0,172032,0,0,24576,0,589824,0,128,0,0,0,0
256,128,16,16,1024,2048,250,proj,1024,1024,512,wspp,1024,3072,32768,0,0,2048,12288,6144,45056,0,0,0,24576,172032,36864,198656,128,30720,61440,184320,0
256,128,16,16,1024,2048,250,proj,64,1024,1024,isap,8192,24576,16384,0,28672,0,0,4096,0,0,0,0,0,0,0,0,64,0,0,0,0
256,128,16,16,1024,2048,250,proj,64,1024,1024,ispp,8192,24576,16384,0,0,4096,24576,0,4096,0,0,0,0,0,0,0,64,28672,24576,0,0
256,128,16,16,1024,2048,250,proj,64,1024,1024,wsap,1024,3072,2048,0,3584,0,0,512,0,25088,0,0,3584,0,86016,0,8,0,0,0,0
256,128,16,16,1024,2048,250,proj,64,1024,1024,wspp,1024,3072,2048,0,0,512,3072,0,512,0,1536,15360,2048,9728,21504,6144,8,22528,3072,21504,0
256,128,16,16,1024,2048,250,proj,1024,1024,64,isap,512,1536,32768,0,28672,0,0,4096,0,0,0,0,0,0,0,0,128,0,0,0,0
256,128,16,16,1024,2048,250,proj,1024,1024,64,ispp,512,1536,32768,0,0,2048,12288,2048,16384,0,0,0,0,0,0,12624,128,16048,30720,0,0
256,128,16,16,1024,2048,250,proj,1024,1024,64,wsap,512,1536,32768,0,28672,0,0,4096,0,0,0,0,0,0,0,0,128,0,0,0,0
256,128,16,16,1024,2048,250,proj,1024,1024,64,wspp,512,1536,32768,0,0,2048,12288,2048,16384,0,0,0,0,0,0,12624,128,16048,30720,0,0
256,128,16,16,1024,2048,250,a2a,64,1024,12,wspp,0,0,7680,0,0,0,0,0,0,0,0,0,7680,0,2304,0,48,0,0,2304,4608
256,128,16,16,1024,2048,250,a2a,64,1024,12,wspp,0,0,7680,0,0,0,0,0,0,0,0,0,7680,0,2304,0,48,0,0,2304,4608
256,128,16,16,1024,2048,250,proj,512,1024,1024,isap,8192,24576,131072,0,229376,0,0,32768,0,0,0,0,0,0,0,0,512,0,0,0,0
256,128,16,16,1024,2048,250,proj,512,1024,1024,ispp,8192,24576,131072,0,0,16384,98304,16384,131072,0,0,0,0,0,0,98304,512,131072,245760,0,0
256,128,16,16,1024,2048,250,proj,512,1024,1024,wsap,1024,3072,16384,0,28672,0,0,4096,0,200704,0,0,28672,0,688128,0,64,0,0,0,0
256,128,16,16,1024,2048,250,proj,512,1024,1024,wspp,1024,3072,16384,0,0,2048,12288,2048,16384,0,0,0,28672,200704,43008,198656,64,30720,30720,215040,0
256,128,16,16,1024,2048,250,proj,1024,1024,512,isap,4096,12288,131072,0,229376,0,0,32768,0,0,0,0,0,0,0,0,512,0,0,0,0
256,128,16,16,1024,2048,250,proj,1024,1024,512,ispp,4096,12288,131072,0,0,8192,49152,24576,180224,0,0,0,0,0,0,155648,512,73728,245760,0,0
256,128,16,16,1024,2048,250,proj,1024,1024,512,wsap,1024,3072,32768,0,57344,0,0,8192,0,172032,0,0,24576,0,589824,0,128,0,0,0,0
256,128,16,16,1024,2048,250,proj,1024,1024,512,wspp,1024,3072,32768,0,0,2048,12288,6144,45056,0,0,0,24576,172032,36864,198656,128,30720,61440,184320,0
256,128,16,16,1024,2048,250,proj,64,1024,1024,isap,8192,24576,16384,0,28672,0,0,4096,0,0,0,0,0,0,0,0,64,0,0,0,0
256,128,16,16,1024,2048,250,proj,64,1024,1024,ispp,8192,24576,16384,0,0,4096,24576,0,4096,0,0,0,0,0,0,0,64,28672,24576,0,0
256,128,16,16,1024,2048,250,proj,64,1024,1024,wsap,1024,3072,2048,0,3584,0,0,512,0,25088,0,0,3584,0,86016,0,8,0,0,0,0
256,128,16,16,1024,2048,250,proj,64,1024,1024,wspp,1024,3072,2048,0,0,512,3072,0,512,0,1536,15360,2048,9728,21504,6144,8,22528,3072,21504,0
256,128,16,16,1024,2048,250,proj,1024,1024,64,isap,512,1536,32768,0,28672,0,0,4096,0,0,0,0,0,0,0,0,128,0,0,0,0
256,128,16,16,1024,2048,250,proj,1024,1024,64,ispp,512,1536,32768,0,0,2048,12288,2048,16384,0,0,0,0,0,0,12624,128,16048,30720,0,0
256,128,16,16,1024,2048,250,proj,1024,1024,64,wsap,512,1536,32768,0,28672,0,0,4096,0,0,0,0,0,0,0,0,128,0,0,0,0
256,128,16,16,1024,2048,250,proj,1024,1024,64,wspp,512,1536,32768,0,0,2048,12288,2048,16384,0,0,0,0,0,0,12624,128,16048,30720,0,0
256,128,16,16,1024,2048,250,a2a,64,1024,12,wspp,0,0,7680,0,0,0,0,0,0,0,0,0,7680,0,2304,0,48,0,0,2304,4608
256,128,16,16,1024,2048,250,a2a,64,1024,12,wspp,0,0,7680,0,0,0,0,0,0,0,0,0,7680,0,2304,0,48,0,0,2304,4608
256,128,16,16,1024,2048,250,proj,64,1024,4096,isap,32768,98304,65536,0,114688,0,0,16384,0,0,0,0,0,0,0,0,256,0,0,0,0
256,128,16,16,1024,2048,250,proj,64,1024,4096,ispp,32768,98304,65536,0,0,16384,98304,0,16384,0,0,0,0,0,0,0,256,114688,98304,0,0
256,128,16,16,1024,2048,250,proj,64,1024,4096,wsap,1024,3072,2048,0,3584,0,0,512,0,111104,0,0,15872,0,380928,0,8,0,0,0,0
256,128,16,16,1024,2048,250,proj,64,1024,4096,wspp,1024,3072,2048,0,0,512,3072,0,512,0,1536,52224,14336,58880,95232,43008,8,71680,3072,95232,0
256,128,16,16,1024,2048,250,proj,4096,1024,64,isap,512,1536,131072,0,114688,0,0,16384,0,0,0,0,0,0,0,0,512,0,0,0,0
256,128,16,16,1024,2048,250,proj,4096,1024,64,ispp,512,1536,131072,0,0,2048,12288,14336,102400,0,0,0,0,0,0,92224,512,22464,122880,0,0
256,128,16,16,1024,2048,250,proj,4096,1024,64,wsap,512,1536,131072,0,114688,0,0,16384,0,0,0,0,0,0,0,0,512,0,0,0,0
256,128,16,16,1024,2048,250,proj,4096,1024,64,wspp,512,1536,131072,0,0,2048,12288,14336,102400,0,0,0,0,0,0,92224,512,22464,122880,0,0
256,128,16,16,1024,2048,250,proj,64,4096,1024,isap,32768,98304,262144,0,122880,4096,0,0,4096,0,0,0,0,0,0,0,1024,4096,0,0,0
256,128,16,16,1024,2048,250,proj,64,4096,1024,ispp,32768,98304,262144,0,0,4096,122880,0,4096,0,0,0,0,0,0,0,1024,126976,98304,0,0
256,128,16,16,1024,2048,250,proj,64,4096,1024,wsap,1024,3072,8192,0,3840,128,0,0,128,119040,3200,0,768,3968,380928,341,32,3755,0,0,0
256,128,16,16,1024,2048,250,proj,64,4096,1024,wspp,1024,3072,8192,0,0,128,3840,0,128,0,1920,63744,2048,59264,95232,55296,32,71680,3072,95232,0
256,128,16,16,1024,2048,250,proj,1024,4096,64,isap,2048,6144,262144,0,122880,4096,0,0,4096,0,0,0,0,0,0,0,1024,4096,0,0,0
256,128,16,16,1024,2048,250,proj,1024,4096,64,ispp,2048,6144,262144,0,0,4096,122880,0,4096,0,0,0,0,0,0,0,1024,126976,122880,0,0
256,128,16,16,1024,2048,250,proj,1024,4096,64,wsap,1024,3072,131072,0,61440,2048,0,0,2048,61440,1520,0,528,2048,196608,496,512,3600,0,0,0
256,128,16,16,1024,2048,250,proj,1024,4096,64,wspp,1024,3072,131072,0,0,2048,61440,0,2048,0,0,0,2048,63488,12288,61776,512,65200,61440,61440,0
256,128,16,16,1024,2048,250,proj,512,1024,1024,isap,8192,24576,131072,0,229376,0,0,32768,0,0,0,0,0,0,0,0,512,0,0,0,0
256,128,16,16,1024,2048,250,proj,512,1024,1024,ispp,8192,24576,131072,0,0,16384,98304,16384,131072,0,0,0,0,0,0,98304,512,131072,245760,0,0
256,128,16,16,1024,2048,250,proj,512,1024,1024,wsap,1024,3072,16384,0,28672,0,0,4096,0,200704,0,0,28672,0,688128,0,64,0,0,0,0
256,128,16,16,1024,2048,250,proj,512,1024,1024,wspp,1024,3072,16384,0,0,2048,12288,2048,16384,0,0,0,28672,200704,43008,198656,64,30720,30720,215040,0
256,128,16,16,1024,2048,250,proj,1024,1024,512,isap,4096,12288,131072,0,229376,0,0,32768,0,0,0,0,0,0,0,0,512,0,0,0,0
256,128,16,16,1024,2048,250,proj,1024,1024,512,ispp,4096,12288,131072,0,0,8192,49152,24576,180224,0,0,0,0,0,0,155648,512,73728,245760,0,0
256,128,16,16,1024,2048,250,proj,1024,1024,512,wsap,1024,3072,32768,0,57344,0,0,8192,0,172032,0,0,24576,0,589824,0,128,0,0,0,0
256,128,16,16,1024,2048,250,proj,1024,1024,512,wspp,1024,3072,32768,0,0,2048,12288,6144,45056,0,0,0,24576,172032,36864,198656,128,30720,61440,184320,0
256,128,16,16,1024,2048,250,proj,64,1024,1024,isap,8192,24576,16384,0,28672,0,0,4096,0,0,0,0,0,0,0,0,64,0,0,0,0
256,128,16,16,1024,2048,250,proj,64,1024,1024,ispp,8192,24576,16384,0,0,4096,24576,0,4096,0,0,0,0,0,0,0,64,28672,24576,0,0
256,128,16,16,1024,2048,250,proj,64,1024,1024,wsap,1024,3072,2048,0,3584,0,0,512,0,25088,0,0,3584,0,86016,0,8,0,0,0,0
256,128,16,16,1024,2048,250,proj,64,1024,1024,wspp,1024,3072,2048,0,0,512,3072,0,512,0,1536,15360,2048,9728,21504,6144,8,22528,3072,21504,0
256,128,16,16,1024,2048,250,proj,1024,1024,64,isap,512,1536,32768,0,28672,0,0,4096,0,0,0,0,0,0,0,0,128,0,0,0,0
256,128,16,16,1024,2048,250,proj,1024,1024,64,ispp,512,1536,32768,0,0,2048,12288,2048,16384,0,0,0,0,0,0,12624,128,16048,30720,0,0
256,128,16,16,1024,2048,250,proj,1024,1024,64,wsap,512,1536,32768,0,28672,0,0,4096,0,0,0,0,0,0,0,0,128,0,0,0,0
256,128,16,16,1024,2048,250,proj,1024,1024,64,wspp,512,1536,32768,0,0,2048,12288,2048,16384,0,0,0,0,0,0,12624,128,16048,30720,0,0
256,128,16,16,1024,2048,250,a2a,64,1024,12,wspp,0,0,7680,0,0,0,0,0,0,0,0,0,7680,0,2304,0,48,0,0,2304,4608
256,128,16,16,1024,2048,250,a2a,64,1024,12,wspp,0,0,7680,0,0,0,0,0,0,0,0,0,7680,0,2304,0,48,0,0,2304,4608
256,128,16,16,1024,2048,250,proj,64,1024,4096,isap,32768,98304,65536,0,114688,0,0,16384,0,0,0,0,0,0,0,0,256,0,0,0,0
256,128,16,16,1024,2048,250,proj,64,1024,4096,ispp,32768,98304,65536,0,0,16384,98304,0,16384,0,0,0,0,0,0,0,256,114688,98304,0,0
256,128,16,16,1024,2048,250,proj,64,1024,4096,wsap,1024,3072,2048,0,3584,0,0,512,0,111104,0,0,15872,0,380928,0,8,0,0,0,0
256,128,16,16,1024,2048,250,proj,64,1024,4096,wspp,1024,3072,2048,0,0,512,3072,0,512,0,1536,52224,14336,58880,95232,43008,8,71680,3072,95232,0
256,128,16,16,1024,2048,250,proj,4096,1024,64,isap,512,1536,131072,0,114688,0,0,16384,0,0,0,0,0,0,0,0,512,0,0,0,0
256,128,16,16,1024,2048,250,proj,4096,1024,64,ispp,512,1536,131072,0,0,2048,12288,14336,102400,0,0,0,0,0,0,92224,512,22464,122880,0,0
256,128,16,16,1024,2048,250,proj,4096,1024,64,wsap,512,1536,131072,0,114688,0,0,16384,0,0,0,0,0,0,0,0,512,0,0,0,0
256,128,16,16,1024,2048,250,proj,4096,1024,64,wspp,512,1536,131072,0,0,2048,12288,14336,102400,0,0,0,0,0,0,92224,512,22464,122880,0,0
256,128,16,16,1024,2048,250,proj,64,4096,1024,isap,32768,98304,262144,0,122880,4096,0,0,4096,0,0,0,0,0,0,0,1024,4096,0,0,0
256,128,16,16,1024,2048,250,proj,64,4096,1024,ispp,32768,98304,262144,0,0,4096,122880,0,4096,0,0,0,0,0,0,0,1024,126976,98304,0,0
256,128,16,16,1024,2048,250,proj,64,4096,1024,wsap,1024,3072,8192,0,3840,128,0,0,128,119040,3200,0,768,3968,380928,341,32,3755,0,0,0
256,128,16,16,1024,2048,250,proj,64,4096,1024,wspp,1024,3072,8192,0,0,128,3840,0,128,0,1920,63744,2048,59264,95232,55296,32,71680,3072,95232,0
256,128,16,16,1024,2048,250,proj,1024,4096,64,isap,2048,6144,262144,0,122880,4096,0,0,4096,0,0,0,0,0,0,0,1024,4096,0,0,0
256,128,16,16,1024,2048,250,proj,1024,4096,64,ispp,2048,6144,262144,0,0,4096,122880,0,4096,0,0,0,0,0,0,0,1024,126976,122880,0,0
256,128,16,16,1024,2048,250,proj,1024,4096,64,wsap,1024,3072,131072,0,61440,2048,0,0,2048,61440,1520,0,528,2048,196608,496,512,3600,0,0,0
256,128,16,16,1024,2048,250,proj,1024,4096,64,wspp,1024,3072,131072,0,0,2048,61440,0,2048,0,0,0,2048,63488,12288,61776,512,65200,61440,61440,0
